Date,Open,High,Low,Close,Volume,Dividends,Stock Splits,Capital Gains,Company_ID
2022-07-13 00:00:00+05:30,25.333332061767578,26.600000381469727,25.333332061767578,26.600000381469727,786000,0.0,0.0,0.0,543544
2022-07-14 00:00:00+05:30,27.91666603088379,27.91666603088379,27.91666603088379,27.91666603088379,732000,0.0,0.0,0.0,543544
2022-07-15 00:00:00+05:30,29.299999237060547,29.299999237060547,29.299999237060547,29.299999237060547,324000,0.0,0.0,0.0,543544
2022-07-18 00:00:00+05:30,30.75,30.75,30.75,30.75,24000,0.0,0.0,0.0,543544
2022-07-19 00:00:00+05:30,30.75,30.75,30.75,30.75,0,0.0,0.0,0.0,543544
2022-07-20 00:00:00+05:30,33.883331298828125,33.883331298828125,33.883331298828125,33.883331298828125,18000,0.0,0.0,0.0,543544
2022-07-21 00:00:00+05:30,35.56666564941406,35.56666564941406,35.56666564941406,35.56666564941406,6000,0.0,0.0,0.0,543544
2022-07-22 00:00:00+05:30,37.33333206176758,37.33333206176758,37.33333206176758,37.33333206176758,12000,0.0,0.0,0.0,543544
2022-07-25 00:00:00+05:30,37.33333206176758,37.33333206176758,37.33333206176758,37.33333206176758,0,0.0,0.0,0.0,543544
2022-07-26 00:00:00+05:30,41.150001525878906,41.150001525878906,41.150001525878906,41.150001525878906,6000,0.0,0.0,0.0,543544
2022-07-27 00:00:00+05:30,45.25,45.25,45.25,45.25,24000,0.0,0.0,0.0,543544
2022-07-28 00:00:00+05:30,45.25,45.25,45.25,45.25,0,0.0,0.0,0.0,543544
2022-07-29 00:00:00+05:30,54.733333587646484,54.733333587646484,54.733333587646484,54.733333587646484,312000,0.0,0.0,0.0,543544
2022-08-01 00:00:00+05:30,57.46666717529297,57.46666717529297,57.46666717529297,57.46666717529297,18000,0.0,0.0,0.0,543544
2022-08-02 00:00:00+05:30,60.33333206176758,60.33333206176758,60.33333206176758,60.33333206176758,6000,0.0,0.0,0.0,543544
2022-08-03 00:00:00+05:30,63.349998474121094,63.349998474121094,63.349998474121094,63.349998474121094,6000,0.0,0.0,0.0,543544
2022-08-04 00:00:00+05:30,66.51666259765625,66.51666259765625,66.5,66.51666259765625,270000,0.0,0.0,0.0,543544
2022-08-05 00:00:00+05:30,69.83333587646484,69.83333587646484,69.83333587646484,69.83333587646484,144000,0.0,0.0,0.0,543544
2022-08-08 00:00:00+05:30,69.83333587646484,69.83333587646484,69.83333587646484,69.83333587646484,0,0.0,0.0,0.0,543544
2022-08-10 00:00:00+05:30,76.96666717529297,76.96666717529297,76.96666717529297,76.96666717529297,6000,0.0,0.0,0.0,543544
2022-08-11 00:00:00+05:30,80.80000305175781,80.80000305175781,80.80000305175781,80.80000305175781,6000,0.0,0.0,0.0,543544
2022-08-12 00:00:00+05:30,80.80000305175781,80.80000305175781,80.80000305175781,80.80000305175781,0,0.0,0.0,0.0,543544
2022-08-16 00:00:00+05:30,89.06666564941406,89.06666564941406,89.06666564941406,89.06666564941406,6000,0.0,0.0,0.0,543544
2022-08-17 00:00:00+05:30,89.06666564941406,89.06666564941406,89.06666564941406,89.06666564941406,0,0.0,0.0,0.0,543544
2022-08-18 00:00:00+05:30,98.18333435058594,98.18333435058594,98.18333435058594,98.18333435058594,6000,0.0,0.0,0.0,543544
2022-08-19 00:00:00+05:30,103.08333587646484,103.08333587646484,103.08333587646484,103.08333587646484,6000,0.0,0.0,0.0,543544
2022-08-22 00:00:00+05:30,108.23332977294922,108.23332977294922,108.23332977294922,108.23332977294922,54000,0.0,0.0,0.0,543544
2022-08-23 00:00:00+05:30,111.43333435058594,113.63333129882812,102.83333587646484,113.63333129882812,402000,0.0,0.0,0.0,543544
2022-08-24 00:00:00+05:30,119.30000305175781,119.30000305175781,119.30000305175781,119.30000305175781,6000,0.0,0.0,0.0,543544
2022-08-25 00:00:00+05:30,119.30000305175781,119.30000305175781,119.30000305175781,119.30000305175781,0,0.0,0.0,0.0,543544
2022-08-26 00:00:00+05:30,131.5,131.5,131.5,131.5,6000,0.0,0.0,0.0,543544
2022-08-29 00:00:00+05:30,131.5,131.5,131.5,131.5,0,0.0,0.0,0.0,543544
2022-08-30 00:00:00+05:30,144.89999389648438,144.89999389648438,144.89999389648438,144.89999389648438,36000,0.0,0.0,0.0,543544
2022-09-01 00:00:00+05:30,152.13333129882812,152.13333129882812,152.13333129882812,152.13333129882812,18000,0.0,0.0,0.0,543544
2022-09-02 00:00:00+05:30,159.73333740234375,159.73333740234375,159.73333740234375,159.73333740234375,12000,0.0,0.0,0.0,543544
2022-09-05 00:00:00+05:30,167.23333740234375,167.23333740234375,151.75,163.81666564941406,210000,0.0,0.0,0.0,543544
2022-09-06 00:00:00+05:30,156.8333282470703,160.0,156.8333282470703,157.0,36000,0.0,0.0,0.0,543544
2022-09-07 00:00:00+05:30,156.6666717529297,156.6666717529297,150.0,150.0,30000,0.0,0.0,0.0,543544
2022-09-08 00:00:00+05:30,150.0,152.0,146.6666717529297,152.0,72000,0.0,0.0,0.0,543544
2022-09-09 00:00:00+05:30,152.0,152.0,152.0,152.0,0,0.0,0.0,0.0,543544
2022-09-12 00:00:00+05:30,154.0,154.0,153.6666717529297,153.6666717529297,18000,0.0,0.0,0.0,543544
2022-09-13 00:00:00+05:30,146.6666717529297,148.11666870117188,145.98333740234375,145.98333740234375,60000,0.0,0.0,0.0,543544
2022-09-14 00:00:00+05:30,138.6999969482422,144.5,138.6999969482422,139.23333740234375,78000,0.0,0.0,0.0,543544
2022-09-15 00:00:00+05:30,145.89999389648438,146.18333435058594,145.89999389648438,146.18333435058594,66000,0.0,0.0,0.0,543544
2022-09-16 00:00:00+05:30,152.98333740234375,152.98333740234375,138.88333129882812,138.88333129882812,48000,0.0,0.0,0.0,543544
2022-09-19 00:00:00+05:30,138.6666717529297,138.6666717529297,138.6666717529297,138.6666717529297,6000,0.0,0.0,0.0,543544
2022-09-20 00:00:00+05:30,138.6666717529297,138.6666717529297,138.6666717529297,138.6666717529297,0,0.0,0.0,0.0,543544
2022-09-21 00:00:00+05:30,138.6666717529297,138.6666717529297,138.6666717529297,138.6666717529297,0,0.0,0.0,0.0,543544
2022-09-22 00:00:00+05:30,131.73333740234375,131.73333740234375,131.73333740234375,131.73333740234375,6000,0.0,0.0,0.0,543544
2022-09-23 00:00:00+05:30,125.33333587646484,131.0,125.1500015258789,131.0,30000,0.0,0.0,0.0,543544
2022-09-26 00:00:00+05:30,131.6666717529297,131.6666717529297,124.44999694824219,124.44999694824219,48000,0.0,0.0,0.0,543544
2022-09-27 00:00:00+05:30,118.23332977294922,118.25,118.23332977294922,118.23332977294922,72000,0.0,0.0,0.0,543544
2022-09-28 00:00:00+05:30,112.33333587646484,118.33333587646484,112.33333587646484,112.36666870117188,60000,0.0,0.0,0.0,543544
2022-09-29 00:00:00+05:30,112.08333587646484,115.93333435058594,112.08333587646484,114.26666259765625,36000,0.0,0.0,0.0,543544
2022-09-30 00:00:00+05:30,114.26666259765625,115.93333435058594,114.26666259765625,115.93333435058594,24000,0.0,0.0,0.0,543544
2022-10-03 00:00:00+05:30,118.33333587646484,121.71666717529297,118.33333587646484,120.0,72000,0.0,0.0,0.0,543544
2022-10-04 00:00:00+05:30,120.05000305175781,127.33333587646484,120.05000305175781,127.26666259765625,36000,0.0,0.0,0.0,543544
2022-10-06 00:00:00+05:30,132.3333282470703,133.61666870117188,132.3333282470703,133.61666870117188,12000,0.0,0.0,0.0,543544
2022-10-07 00:00:00+05:30,133.61666870117188,140.28334045410156,133.61666870117188,140.28334045410156,30000,0.0,0.0,0.0,543544
2022-10-10 00:00:00+05:30,140.28334045410156,140.28334045410156,140.28334045410156,140.28334045410156,0,0.0,0.0,0.0,543544
2022-10-11 00:00:00+05:30,140.28334045410156,140.28334045410156,140.28334045410156,140.28334045410156,0,0.0,0.0,0.0,543544
2022-10-12 00:00:00+05:30,158.3333282470703,175.0,158.3333282470703,167.88333129882812,84000,0.0,0.0,0.0,543544
2022-10-13 00:00:00+05:30,166.3333282470703,166.6666717529297,163.6999969482422,163.6999969482422,30000,0.0,0.0,0.0,543544
2022-10-14 00:00:00+05:30,163.6999969482422,163.6999969482422,163.6999969482422,163.6999969482422,0,0.0,0.0,0.0,543544
2022-10-17 00:00:00+05:30,158.3333282470703,158.3333282470703,158.3333282470703,158.3333282470703,6000,0.0,0.0,0.0,543544
2022-10-18 00:00:00+05:30,153.3333282470703,153.3333282470703,153.3333282470703,153.3333282470703,6000,0.0,0.0,0.0,543544
2022-10-19 00:00:00+05:30,160.0,168.6666717529297,160.0,167.3000030517578,72000,0.0,0.0,0.0,543544
2022-10-20 00:00:00+05:30,172.8000030517578,184.0,172.8000030517578,184.0,72000,0.0,0.0,0.0,543544
2022-10-21 00:00:00+05:30,202.3333282470703,202.39999389648438,202.0,202.39999389648438,60000,0.0,0.0,0.0,543544
2022-10-24 00:00:00+05:30,212.3333282470703,212.3333282470703,212.3333282470703,212.3333282470703,6000,0.0,0.0,0.0,543544
2022-10-25 00:00:00+05:30,212.3333282470703,212.3333282470703,212.3333282470703,212.3333282470703,0,0.0,0.0,0.0,543544
2022-10-27 00:00:00+05:30,212.3333282470703,212.3333282470703,212.3333282470703,212.3333282470703,0,0.0,0.0,0.0,543544
2022-10-28 00:00:00+05:30,212.3333282470703,212.3333282470703,212.3333282470703,212.3333282470703,6000,0.0,0.0,0.0,543544
2022-10-31 00:00:00+05:30,212.3333282470703,212.3333282470703,201.71665954589844,201.71665954589844,24000,0.0,0.0,0.0,543544
2022-11-01 00:00:00+05:30,201.71665954589844,201.71665954589844,201.71665954589844,201.71665954589844,0,0.0,0.0,0.0,543544
2022-11-02 00:00:00+05:30,201.71665954589844,201.71665954589844,201.71665954589844,201.71665954589844,0,0.0,0.0,0.0,543544
2022-11-03 00:00:00+05:30,201.71665954589844,201.71665954589844,201.71665954589844,201.71665954589844,0,0.0,0.0,0.0,543544
2022-11-04 00:00:00+05:30,201.73333740234375,203.39999389648438,201.73333740234375,203.39999389648438,18000,0.0,0.0,0.0,543544
2022-11-07 00:00:00+05:30,212.6666717529297,213.56666564941406,208.3333282470703,213.48333740234375,16500,0.0,0.0,0.0,543544
2022-11-09 00:00:00+05:30,215.0,224.14999389648438,214.1999969482422,224.14999389648438,34500,0.0,0.0,0.0,543544
2022-11-10 00:00:00+05:30,224.89999389648438,225.0,224.6666717529297,224.89999389648438,5250,0.0,0.0,0.0,543544
2022-11-11 00:00:00+05:30,214.1999969482422,214.1999969482422,213.6666717529297,213.6666717529297,1500,0.0,0.0,0.0,543544
2022-11-14 00:00:00+05:30,203.35000610351562,203.35000610351562,202.98333740234375,202.98333740234375,5250,0.0,0.0,0.0,543544
2022-11-15 00:00:00+05:30,192.85000610351562,202.9166717529297,192.85000610351562,195.39999389648438,8250,0.0,0.0,0.0,543544
2022-11-16 00:00:00+05:30,185.63333129882812,200.96665954589844,185.63333129882812,200.96665954589844,13500,0.0,0.0,0.0,543544
2022-11-17 00:00:00+05:30,197.0,197.0,190.93333435058594,190.93333435058594,12000,0.0,0.0,0.0,543544
2022-11-18 00:00:00+05:30,190.93333435058594,190.93333435058594,190.93333435058594,190.93333435058594,0,0.0,0.0,0.0,543544
2022-11-21 00:00:00+05:30,172.3333282470703,172.3333282470703,172.3333282470703,172.3333282470703,1500,0.0,0.0,0.0,543544
2022-11-22 00:00:00+05:30,163.71665954589844,163.71665954589844,163.71665954589844,163.71665954589844,2250,0.0,0.0,0.0,543544
2022-11-23 00:00:00+05:30,155.53334045410156,155.53334045410156,155.53334045410156,155.53334045410156,3750,0.0,0.0,0.0,543544
2022-11-24 00:00:00+05:30,155.53334045410156,155.53334045410156,155.53334045410156,155.53334045410156,0,0.0,0.0,0.0,543544
2022-11-25 00:00:00+05:30,140.38333129882812,141.0,140.38333129882812,140.38333129882812,12000,0.0,0.0,0.0,543544
2022-11-28 00:00:00+05:30,133.36666870117188,147.39999389648438,133.36666870117188,147.39999389648438,14250,0.0,0.0,0.0,543544
2022-11-29 00:00:00+05:30,154.76666259765625,154.76666259765625,154.3333282470703,154.76666259765625,13500,0.0,0.0,0.0,543544
2022-11-30 00:00:00+05:30,162.5,162.5,153.3333282470703,162.5,18750,0.0,0.0,0.0,543544
2022-12-01 00:00:00+05:30,166.6666717529297,166.6666717529297,154.6666717529297,154.88333129882812,11250,0.0,0.0,0.0,543544
2022-12-02 00:00:00+05:30,147.18333435058594,153.3333282470703,147.14999389648438,147.1666717529297,129000,0.0,0.0,0.0,543544
2022-12-05 00:00:00+05:30,146.6666717529297,153.3000030517578,139.81666564941406,141.6999969482422,36000,0.0,0.0,0.0,543544
2022-12-06 00:00:00+05:30,137.03334045410156,148.64999389648438,135.0,141.63333129882812,7500,0.0,0.0,0.0,543544
2022-12-07 00:00:00+05:30,148.6666717529297,148.6999969482422,148.3333282470703,148.6999969482422,3750,0.0,0.0,0.0,543544
2022-12-08 00:00:00+05:30,148.6999969482422,148.6999969482422,148.6999969482422,148.6999969482422,0,0.0,0.0,0.0,543544
2022-12-09 00:00:00+05:30,142.85000610351562,142.98333740234375,141.26666259765625,141.26666259765625,6000,0.0,0.0,0.0,543544
2022-12-12 00:00:00+05:30,134.36666870117188,136.6666717529297,134.21665954589844,136.6666717529297,9000,0.0,0.0,0.0,543544
2022-12-13 00:00:00+05:30,136.6666717529297,141.6666717529297,136.6666717529297,138.3333282470703,5250,0.0,0.0,0.0,543544
2022-12-14 00:00:00+05:30,138.3333282470703,138.3333282470703,138.3333282470703,138.3333282470703,0,0.0,0.0,0.0,543544
2022-12-15 00:00:00+05:30,138.3333282470703,138.3333282470703,138.3333282470703,138.3333282470703,0,0.0,0.0,0.0,543544
2022-12-16 00:00:00+05:30,131.73333740234375,138.3333282470703,131.4166717529297,132.3333282470703,48750,0.0,0.0,0.0,543544
2022-12-19 00:00:00+05:30,130.0,130.0,130.0,130.0,750,0.0,0.0,0.0,543544
2022-12-20 00:00:00+05:30,130.0,130.0,130.0,130.0,0,0.0,0.0,0.0,543544
2022-12-21 00:00:00+05:30,123.73332977294922,123.73332977294922,123.5,123.5,4500,0.0,0.0,0.0,543544
2022-12-22 00:00:00+05:30,125.0,125.0,117.33333587646484,117.33333587646484,8250,0.0,0.0,0.0,543544
2022-12-23 00:00:00+05:30,116.6500015258789,116.66666412353516,111.48332977294922,111.48332977294922,3750,0.0,0.0,0.0,543544
2022-12-26 00:00:00+05:30,106.03333282470703,116.63333129882812,106.0,116.63333129882812,9000,0.0,0.0,0.0,543544
2022-12-27 00:00:00+05:30,122.0,122.44999694824219,122.0,122.44999694824219,3000,0.0,0.0,0.0,543544
2022-12-28 00:00:00+05:30,128.56666564941406,128.56666564941406,116.33333587646484,120.4000015258789,17250,0.0,0.0,0.0,543544
2022-12-29 00:00:00+05:30,114.81666564941406,125.0,114.38333129882812,116.88333129882812,168000,0.0,0.0,0.0,543544
2022-12-30 00:00:00+05:30,121.66666412353516,122.71666717529297,121.33333587646484,122.71666717529297,4500,0.0,0.0,0.0,543544
2023-01-02 00:00:00+05:30,128.85000610351562,128.85000610351562,120.0,124.44999694824219,15000,0.0,0.0,0.0,543544
2023-01-03 00:00:00+05:30,130.3333282470703,130.6666717529297,126.66666412353516,130.0,24750,0.0,0.0,0.0,543544
2023-01-04 00:00:00+05:30,135.60000610351562,135.6666717529297,131.6666717529297,133.3333282470703,14250,0.0,0.0,0.0,543544
2023-01-05 00:00:00+05:30,130.3333282470703,139.1666717529297,126.66666412353516,135.56666564941406,9000,0.0,0.0,0.0,543544
2023-01-06 00:00:00+05:30,140.6666717529297,141.6666717529297,134.0,139.5833282470703,12000,0.0,0.0,0.0,543544
2023-01-09 00:00:00+05:30,145.6666717529297,145.6666717529297,137.6666717529297,144.5,9000,0.0,0.0,0.0,543544
2023-01-10 00:00:00+05:30,140.53334045410156,146.6666717529297,140.53334045410156,143.0833282470703,14250,0.0,0.0,0.0,543544
2023-01-11 00:00:00+05:30,138.35000610351562,144.96665954589844,138.35000610351562,143.35000610351562,15750,0.0,0.0,0.0,543544
2023-01-12 00:00:00+05:30,139.03334045410156,150.51666259765625,137.43333435058594,149.6666717529297,60000,0.0,0.0,0.0,543544
2023-01-13 00:00:00+05:30,150.6666717529297,155.8333282470703,148.60000610351562,154.5,21000,0.0,0.0,0.0,543544
2023-01-16 00:00:00+05:30,153.3333282470703,154.1666717529297,146.78334045410156,146.78334045410156,16500,0.0,0.0,0.0,543544
2023-01-17 00:00:00+05:30,140.53334045410156,151.6666717529297,139.46665954589844,148.10000610351562,15000,0.0,0.0,0.0,543544
2023-01-18 00:00:00+05:30,155.0,155.5,150.0,152.88333129882812,64500,0.0,0.0,0.0,543544
2023-01-19 00:00:00+05:30,155.61666870117188,158.31666564941406,146.11666870117188,148.76666259765625,37500,0.0,0.0,0.0,543544
2023-01-20 00:00:00+05:30,151.6666717529297,154.93333435058594,150.0,151.6999969482422,16500,0.0,0.0,0.0,543544
2023-01-23 00:00:00+05:30,158.6666717529297,158.6666717529297,150.89999389648438,150.98333740234375,27000,0.0,0.0,0.0,543544
2023-01-24 00:00:00+05:30,153.06666564941406,153.3333282470703,149.3333282470703,150.48333740234375,9750,0.0,0.0,0.0,543544
2023-01-25 00:00:00+05:30,149.96665954589844,149.96665954589844,142.96665954589844,147.3333282470703,10500,0.0,0.0,0.0,543544
2023-01-27 00:00:00+05:30,149.98333740234375,149.98333740234375,139.96665954589844,139.96665954589844,15000,0.0,0.0,0.0,543544
2023-01-30 00:00:00+05:30,139.96665954589844,139.96665954589844,132.98333740234375,134.76666259765625,8250,0.0,0.0,0.0,543544
2023-01-31 00:00:00+05:30,131.0,132.8333282470703,128.5,132.8333282470703,9750,0.0,0.0,0.0,543544
2023-02-01 00:00:00+05:30,130.0,133.9166717529297,126.66666412353516,128.88333129882812,9000,0.0,0.0,0.0,543544
2023-02-02 00:00:00+05:30,123.5,131.56666564941406,123.5,127.01666259765625,6000,0.0,0.0,0.0,543544
2023-02-03 00:00:00+05:30,123.3499984741211,125.33333587646484,121.0,121.0,3750,0.0,0.0,0.0,543544
2023-02-06 00:00:00+05:30,117.1500015258789,117.1500015258789,114.94999694824219,115.0,5250,0.0,0.0,0.0,543544
2023-02-07 00:00:00+05:30,116.33333587646484,116.33333587646484,112.80000305175781,113.33333587646484,6000,0.0,0.0,0.0,543544
2023-02-08 00:00:00+05:30,107.33333587646484,112.63333129882812,107.33333587646484,110.66666412353516,2250,0.0,0.0,0.0,543544
2023-02-09 00:00:00+05:30,118.0,121.73332977294922,116.0,121.73332977294922,30000,0.0,0.0,0.0,543544
2023-02-10 00:00:00+05:30,129.3333282470703,133.89999389648438,129.3333282470703,133.89999389648438,33750,0.0,0.0,0.0,543544
2023-02-13 00:00:00+05:30,144.6666717529297,145.3000030517578,136.6666717529297,138.73333740234375,38250,0.0,0.0,0.0,543544
2023-02-14 00:00:00+05:30,139.6666717529297,139.6666717529297,129.0,135.0,4500,0.0,0.0,0.0,543544
2023-02-15 00:00:00+05:30,126.68333435058594,126.68333435058594,121.5,121.5,28500,0.0,0.0,0.0,543544
2023-02-16 00:00:00+05:30,121.33333587646484,121.5,121.33333587646484,121.5,2250,0.0,0.0,0.0,543544
2023-02-17 00:00:00+05:30,121.5,121.5,121.5,121.5,750,0.0,0.0,0.0,543544
2023-02-20 00:00:00+05:30,121.5,129.3333282470703,121.5,129.3333282470703,1500,0.0,0.0,0.0,543544
2023-02-21 00:00:00+05:30,130.0,133.3333282470703,122.83333587646484,129.53334045410156,12000,0.0,0.0,0.0,543544
2023-02-22 00:00:00+05:30,135.61666870117188,135.61666870117188,116.58333587646484,118.13333129882812,15000,0.0,0.0,0.0,543544
2023-02-23 00:00:00+05:30,108.33333587646484,122.0,108.33333587646484,122.0,6000,0.0,0.0,0.0,543544
2023-02-24 00:00:00+05:30,112.3499984741211,126.33333587646484,112.06666564941406,124.05000305175781,12000,0.0,0.0,0.0,543544
2023-02-27 00:00:00+05:30,129.3333282470703,129.3333282470703,125.0,127.44999694824219,15000,0.0,0.0,0.0,543544
2023-02-28 00:00:00+05:30,129.4499969482422,131.31666564941406,123.76666259765625,123.78333282470703,18000,0.0,0.0,0.0,543544
2023-03-01 00:00:00+05:30,136.0,136.0,128.0,130.5,18000,0.0,3.0,0.0,543544
2023-03-02 00:00:00+05:30,123.3499984741211,124.5,117.44999694824219,119.05000305175781,9000,0.0,0.0,0.0,543544
2023-03-03 00:00:00+05:30,119.05000305175781,119.05000305175781,119.05000305175781,119.05000305175781,0,0.0,0.0,0.0,543544
2023-03-06 00:00:00+05:30,116.94999694824219,119.94999694824219,116.94999694824219,119.94999694824219,1500,0.0,0.0,0.0,543544
2023-03-08 00:00:00+05:30,117.55000305175781,117.55000305175781,116.0,116.0,1500,0.0,0.0,0.0,543544
2023-03-09 00:00:00+05:30,116.0,116.0,116.0,116.0,0,0.0,0.0,0.0,543544
2023-03-10 00:00:00+05:30,116.0,116.0,116.0,116.0,1500,0.0,0.0,0.0,543544
2023-03-13 00:00:00+05:30,106.4000015258789,112.5,104.4000015258789,109.69999694824219,17250,0.0,0.0,0.0,543544
2023-03-14 00:00:00+05:30,99.3499984741211,99.3499984741211,98.75,98.75,4500,0.0,0.0,0.0,543544
2023-03-15 00:00:00+05:30,89.0999984741211,90.69999694824219,88.9000015258789,88.9000015258789,14250,0.0,0.0,0.0,543544
2023-03-16 00:00:00+05:30,84.5,84.5,84.5,84.5,1500,0.0,0.0,0.0,543544
2023-03-17 00:00:00+05:30,80.30000305175781,80.30000305175781,80.30000305175781,80.30000305175781,3750,0.0,0.0,0.0,543544
2023-03-20 00:00:00+05:30,80.30000305175781,80.30000305175781,80.30000305175781,80.30000305175781,0,0.0,0.0,0.0,543544
2023-03-21 00:00:00+05:30,72.5,80.0999984741211,72.5,78.94999694824219,16500,0.0,0.0,0.0,543544
2023-03-22 00:00:00+05:30,82.8499984741211,82.8499984741211,78.30000305175781,82.80000305175781,24000,0.0,0.0,0.0,543544
2023-03-23 00:00:00+05:30,86.9000015258789,86.9000015258789,83.5,86.55000305175781,9000,0.0,0.0,0.0,543544
2023-03-24 00:00:00+05:30,89.0,90.8499984741211,87.0,89.6500015258789,14250,0.0,0.0,0.0,543544
2023-03-27 00:00:00+05:30,93.80000305175781,94.0999984741211,85.19999694824219,85.19999694824219,29250,0.0,0.0,0.0,543544
2023-03-28 00:00:00+05:30,80.94999694824219,82.5,80.94999694824219,80.94999694824219,9750,0.0,0.0,0.0,543544
2023-03-29 00:00:00+05:30,80.9000015258789,80.9000015258789,76.94999694824219,76.94999694824219,8250,0.0,0.0,0.0,543544
2023-03-31 00:00:00+05:30,77.0,77.80000305175781,73.1500015258789,73.75,36750,0.0,0.0,0.0,543544
2023-04-03 00:00:00+05:30,72.80000305175781,77.43000030517578,72.5,77.43000030517578,5250,0.0,0.0,0.0,543544
2023-04-05 00:00:00+05:30,79.55000305175781,81.30000305175781,76.5,78.75,17250,0.0,0.0,0.0,543544
2023-04-06 00:00:00+05:30,81.19999694824219,81.19999694824219,76.5,76.75,12750,0.0,0.0,0.0,543544
2023-04-10 00:00:00+05:30,75.36000061035156,80.52999877929688,73.75,74.19000244140625,19500,0.0,0.0,0.0,543544
2023-04-11 00:00:00+05:30,76.94000244140625,79.79000091552734,74.0,74.0,9000,0.0,0.0,0.0,543544
2023-04-12 00:00:00+05:30,74.0,81.4000015258789,74.0,81.30000305175781,15750,0.0,0.0,0.0,543544
2023-04-13 00:00:00+05:30,89.0,89.43000030517578,83.11000061035156,87.33000183105469,15000,0.0,0.0,0.0,543544
2023-04-17 00:00:00+05:30,85.5,85.5,81.0,85.5,9000,0.0,0.0,0.0,543544
2023-04-18 00:00:00+05:30,83.0,83.0,79.25,81.48999786376953,6750,0.0,0.0,0.0,543544
2023-04-19 00:00:00+05:30,80.01000213623047,83.0,79.11000061035156,82.86000061035156,13500,0.0,0.0,0.0,543544
2023-04-20 00:00:00+05:30,79.0999984741211,87.9000015258789,79.0999984741211,82.01000213623047,2250,0.0,0.0,0.0,543544
2023-04-21 00:00:00+05:30,87.95999908447266,87.95999908447266,73.80999755859375,78.22000122070312,33750,0.0,0.0,0.0,543544
2023-04-24 00:00:00+05:30,74.5,75.5,74.5,75.5,1500,0.0,0.0,0.0,543544
2023-04-25 00:00:00+05:30,74.0,78.91999816894531,74.0,78.80999755859375,4500,0.0,0.0,0.0,543544
2023-04-26 00:00:00+05:30,75.11000061035156,78.41000366210938,74.01000213623047,74.41000366210938,5250,0.0,0.0,0.0,543544
2023-04-27 00:00:00+05:30,72.0999984741211,75.0,69.0,72.08999633789062,13500,0.0,0.0,0.0,543544
2023-04-28 00:00:00+05:30,74.5,79.19999694824219,74.48999786376953,78.63999938964844,9750,0.0,0.0,0.0,543544
2023-05-02 00:00:00+05:30,74.55000305175781,82.5,74.55000305175781,81.86000061035156,6750,0.0,0.0,0.0,543544
2023-05-03 00:00:00+05:30,80.0,84.0,77.01000213623047,80.86000061035156,9750,0.0,0.0,0.0,543544
2023-05-04 00:00:00+05:30,76.52999877929688,79.81999969482422,75.19999694824219,79.81999969482422,4500,0.0,0.0,0.0,543544
2023-05-05 00:00:00+05:30,77.01000213623047,79.80000305175781,77.01000213623047,79.5199966430664,3000,0.0,0.0,0.0,543544
2023-05-08 00:00:00+05:30,78.0,78.0,78.0,78.0,750,0.0,0.0,0.0,543544
2023-05-09 00:00:00+05:30,78.02999877929688,81.0,77.0,77.13999938964844,9750,0.0,0.0,0.0,543544
2023-05-10 00:00:00+05:30,80.48999786376953,81.5,79.8499984741211,81.08999633789062,8250,0.0,0.0,0.0,543544
2023-05-11 00:00:00+05:30,77.5,77.5,77.5,77.5,750,0.0,0.0,0.0,543544
2023-05-12 00:00:00+05:30,76.31999969482422,81.0,76.31999969482422,81.0,2250,0.0,0.0,0.0,543544
2023-05-15 00:00:00+05:30,81.0,81.0,81.0,81.0,0,0.0,0.0,0.0,543544
2023-05-16 00:00:00+05:30,80.94999694824219,80.94999694824219,80.0,80.0,1500,0.0,0.0,0.0,543544
2023-05-17 00:00:00+05:30,80.0,80.0,80.0,80.0,0,0.0,0.0,0.0,543544
2023-05-18 00:00:00+05:30,80.0,80.0,80.0,80.0,0,0.0,0.0,0.0,543544
2023-05-19 00:00:00+05:30,76.0,77.2300033569336,76.0,76.0,4500,0.0,0.0,0.0,543544
2023-05-22 00:00:00+05:30,78.0,78.0,78.0,78.0,750,0.0,0.0,0.0,543544
2023-05-23 00:00:00+05:30,78.0,78.0,78.0,78.0,0,0.0,0.0,0.0,543544
2023-05-24 00:00:00+05:30,76.5,76.5,74.1500015258789,74.1500015258789,2250,0.0,0.0,0.0,543544
2023-05-25 00:00:00+05:30,69.26000213623047,73.98999786376953,69.0,72.0,9000,0.0,0.0,0.0,543544
2023-05-26 00:00:00+05:30,71.19999694824219,72.5,70.19999694824219,70.77999877929688,4500,0.0,0.0,0.0,543544
2023-05-29 00:00:00+05:30,70.77999877929688,70.77999877929688,70.77999877929688,70.77999877929688,0,0.0,0.0,0.0,543544
2023-05-30 00:00:00+05:30,70.77999877929688,70.77999877929688,70.77999877929688,70.77999877929688,0,0.0,0.0,0.0,543544
2023-05-31 00:00:00+05:30,73.80000305175781,76.69999694824219,69.0999984741211,71.72000122070312,34500,0.0,0.0,0.0,543544
2023-06-01 00:00:00+05:30,72.80000305175781,78.88999938964844,72.80000305175781,75.0,51000,0.0,0.0,0.0,543544
2023-06-02 00:00:00+05:30,76.0,79.68000030517578,76.0,79.0,20250,0.0,0.0,0.0,543544
2023-06-05 00:00:00+05:30,83.0,83.0,74.0,74.33000183105469,18750,0.0,0.0,0.0,543544
2023-06-06 00:00:00+05:30,74.0,76.91000366210938,74.0,76.9000015258789,6750,0.0,0.0,0.0,543544
2023-06-07 00:00:00+05:30,76.0,76.0,76.0,76.0,3750,0.0,0.0,0.0,543544
2023-06-08 00:00:00+05:30,76.0999984741211,78.19999694824219,71.55000305175781,72.98999786376953,24000,0.0,0.0,0.0,543544
2023-06-09 00:00:00+05:30,70.05000305175781,71.4000015258789,68.0199966430664,70.0,23250,0.0,0.0,0.0,543544
2023-06-12 00:00:00+05:30,70.19999694824219,71.0,68.5,69.18000030517578,10500,0.0,0.0,0.0,543544
2023-06-13 00:00:00+05:30,69.2300033569336,69.5,69.22000122070312,69.36000061035156,3750,0.0,0.0,0.0,543544
2023-06-14 00:00:00+05:30,72.44999694824219,73.0,71.0,71.0,8250,0.0,0.0,0.0,543544
2023-06-15 00:00:00+05:30,70.01000213623047,72.0,70.01000213623047,71.5,13500,0.0,0.0,0.0,543544
2023-06-16 00:00:00+05:30,72.80000305175781,72.80000305175781,70.56999969482422,71.06999969482422,13500,0.0,0.0,0.0,543544
2023-06-19 00:00:00+05:30,69.61000061035156,73.94999694824219,69.0,70.0,16500,0.0,0.0,0.0,543544
2023-06-20 00:00:00+05:30,69.19999694824219,70.19000244140625,69.0,69.2300033569336,6750,0.0,0.0,0.0,543544
2023-06-21 00:00:00+05:30,68.69999694824219,69.0,65.1500015258789,66.52999877929688,10500,0.0,0.0,0.0,543544
2023-06-22 00:00:00+05:30,66.5999984741211,66.98999786376953,64.0,66.0,8250,0.0,0.0,0.0,543544
2023-06-23 00:00:00+05:30,65.0,65.5,61.20000076293945,64.0,17250,0.0,0.0,0.0,543544
2023-06-26 00:00:00+05:30,61.349998474121094,63.0,61.150001525878906,62.93000030517578,16500,0.0,0.0,0.0,543544
2023-06-27 00:00:00+05:30,63.20000076293945,63.20000076293945,61.0,62.0,7500,0.0,0.0,0.0,543544
2023-06-28 00:00:00+05:30,63.099998474121094,63.099998474121094,56.20000076293945,58.27000045776367,21000,0.0,0.0,0.0,543544
2023-06-30 00:00:00+05:30,63.0,69.91999816894531,63.0,69.91999816894531,114000,0.0,0.0,0.0,543544
2023-07-03 00:00:00+05:30,77.9800033569336,83.9000015258789,74.0,83.9000015258789,89250,0.0,0.0,0.0,543544
2023-07-04 00:00:00+05:30,91.0,99.9000015258789,80.75,82.20999908447266,106500,0.0,0.0,0.0,543544
2023-07-05 00:00:00+05:30,79.0,83.9000015258789,79.0,79.16999816894531,23250,0.0,0.0,0.0,543544
2023-07-06 00:00:00+05:30,77.0,80.0,75.30000305175781,80.0,9750,0.0,0.0,0.0,543544
2023-07-07 00:00:00+05:30,80.0,81.5,79.0,79.0,9000,0.0,0.0,0.0,543544
2023-07-10 00:00:00+05:30,70.1500015258789,75.0,70.1500015258789,73.5,21000,0.0,0.0,0.0,543544
2023-07-11 00:00:00+05:30,74.0,78.4800033569336,74.0,77.98999786376953,2250,0.0,0.0,0.0,543544
2023-07-12 00:00:00+05:30,76.9000015258789,77.0,73.5,77.0,3750,0.0,0.0,0.0,543544
2023-07-13 00:00:00+05:30,76.5,76.5,73.6500015258789,73.6500015258789,3000,0.0,0.0,0.0,543544
2023-07-14 00:00:00+05:30,73.6500015258789,73.6500015258789,73.6500015258789,73.6500015258789,0,0.0,0.0,0.0,543544
2023-07-17 00:00:00+05:30,76.95999908447266,76.95999908447266,72.5,76.94999694824219,8250,0.0,0.0,0.0,543544
2023-07-18 00:00:00+05:30,76.94000244140625,76.94000244140625,72.9800033569336,74.33000183105469,6750,0.0,0.0,0.0,543544
2023-07-19 00:00:00+05:30,74.0,75.0999984741211,73.30000305175781,73.52999877929688,9750,0.0,0.0,0.0,543544
2023-07-20 00:00:00+05:30,73.0,74.5,69.01000213623047,70.83000183105469,19500,0.0,0.0,0.0,543544
2023-07-21 00:00:00+05:30,72.79000091552734,73.0,66.62000274658203,66.62000274658203,18000,0.0,0.0,0.0,543544
2023-07-24 00:00:00+05:30,70.19999694824219,74.0,70.19999694824219,71.01000213623047,8250,0.0,0.0,0.0,543544
2023-07-25 00:00:00+05:30,74.98999786376953,74.98999786376953,71.05000305175781,71.05000305175781,8250,0.0,0.0,0.0,543544
2023-07-26 00:00:00+05:30,71.05000305175781,72.98999786376953,68.3499984741211,72.69999694824219,5250,0.0,0.0,0.0,543544
2023-07-27 00:00:00+05:30,74.47000122070312,74.87999725341797,69.69999694824219,71.4000015258789,15750,0.0,0.0,0.0,543544
2023-07-28 00:00:00+05:30,72.0,85.68000030517578,72.0,85.68000030517578,71250,0.0,0.0,0.0,543544
2023-07-31 00:00:00+05:30,87.0,88.0,84.0,85.19999694824219,30750,0.0,0.0,0.0,543544
2023-08-01 00:00:00+05:30,85.0,89.0,84.01000213623047,87.0,9750,0.0,0.0,0.0,543544
2023-08-02 00:00:00+05:30,87.4000015258789,98.0,87.4000015258789,92.37999725341797,59250,0.0,0.0,0.0,543544
2023-08-03 00:00:00+05:30,91.55000305175781,110.0,91.5,108.76000213623047,134250,0.0,0.0,0.0,543544
2023-08-04 00:00:00+05:30,112.5,115.91000366210938,104.5,107.54000091552734,61500,0.0,0.0,0.0,543544
2023-08-07 00:00:00+05:30,105.01000213623047,116.9000015258789,105.01000213623047,115.1500015258789,46500,0.0,0.0,0.0,543544
2023-08-08 00:00:00+05:30,118.51000213623047,122.0,111.0,111.05000305175781,27750,0.0,0.0,0.0,543544
2023-08-09 00:00:00+05:30,110.01000213623047,111.0,105.22000122070312,105.51000213623047,14250,0.0,0.0,0.0,543544
2023-08-10 00:00:00+05:30,107.0,110.0,104.0,107.0,18750,0.0,0.0,0.0,543544
2023-08-11 00:00:00+05:30,104.25,110.5,104.25,109.5,6000,0.0,0.0,0.0,543544
2023-08-14 00:00:00+05:30,108.79000091552734,111.0,104.61000061035156,108.51000213623047,12000,0.0,0.0,0.0,543544
2023-08-16 00:00:00+05:30,105.05000305175781,115.0,105.05000305175781,108.5,14250,0.0,0.0,0.0,543544
2023-08-17 00:00:00+05:30,106.4000015258789,107.0,100.5,102.58999633789062,28500,0.0,0.0,0.0,543544
2023-08-18 00:00:00+05:30,100.5,105.94999694824219,100.5,103.9800033569336,6000,0.0,0.0,0.0,543544
2023-08-21 00:00:00+05:30,100.0,102.08000183105469,98.1500015258789,99.8499984741211,6750,0.0,0.0,0.0,543544
2023-08-22 00:00:00+05:30,104.97000122070312,104.97000122070312,98.11000061035156,101.0,5250,0.0,0.0,0.0,543544
2023-08-23 00:00:00+05:30,98.01000213623047,98.01000213623047,98.01000213623047,98.01000213623047,750,0.0,0.0,0.0,543544
2023-08-24 00:00:00+05:30,99.48999786376953,100.0,96.5,98.80000305175781,9000,0.0,0.0,0.0,543544
2023-08-25 00:00:00+05:30,96.0,96.0,95.0,96.0,2250,0.0,0.0,0.0,543544
2023-08-28 00:00:00+05:30,96.98999786376953,97.0,96.98999786376953,97.0,5250,0.0,0.0,0.0,543544
2023-08-29 00:00:00+05:30,102.69999694824219,102.69999694824219,99.0,100.5,7500,0.0,0.0,0.0,543544
2023-08-30 00:00:00+05:30,101.0,104.0,99.25,99.58000183105469,12000,0.0,0.0,0.0,543544
2023-08-31 00:00:00+05:30,99.58000183105469,99.5999984741211,95.01000213623047,96.01000213623047,5250,0.0,0.0,0.0,543544
2023-09-01 00:00:00+05:30,96.19999694824219,97.98999786376953,94.0,95.80000305175781,8250,0.0,0.0,0.0,543544
2023-09-04 00:00:00+05:30,95.80000305175781,95.80000305175781,93.80000305175781,93.80999755859375,2250,0.0,0.0,0.0,543544
2023-09-05 00:00:00+05:30,93.0,95.0,93.0,95.0,3000,0.0,0.0,0.0,543544
2023-09-06 00:00:00+05:30,97.5,99.9000015258789,95.97000122070312,96.0,9000,0.0,0.0,0.0,543544
2023-09-07 00:00:00+05:30,96.0999984741211,96.0999984741211,96.0,96.0,1500,0.0,0.0,0.0,543544
2023-09-08 00:00:00+05:30,96.19999694824219,96.19999694824219,90.12999725341797,92.91999816894531,12000,0.0,0.0,0.0,543544
2023-09-11 00:00:00+05:30,93.5,93.5,88.5,88.6500015258789,22500,0.0,0.0,0.0,543544
2023-09-12 00:00:00+05:30,87.0,87.0,84.1500015258789,84.18000030517578,5250,0.0,0.0,0.0,543544
2023-09-13 00:00:00+05:30,84.1500015258789,89.0,84.1500015258789,87.0999984741211,4500,0.0,0.0,0.0,543544
2023-09-14 00:00:00+05:30,87.0999984741211,87.0999984741211,87.0999984741211,87.0999984741211,0,0.0,0.0,0.0,543544
2023-09-15 00:00:00+05:30,90.0,90.0,87.0,87.0,3000,0.0,0.0,0.0,543544
2023-09-18 00:00:00+05:30,87.0,90.9800033569336,87.0,90.9800033569336,3000,0.0,0.0,0.0,543544
2023-09-20 00:00:00+05:30,93.0,93.0,86.25,86.5999984741211,9000,0.0,0.0,0.0,543544
2023-09-21 00:00:00+05:30,83.30999755859375,83.30999755859375,82.19999694824219,82.19999694824219,1500,0.0,0.0,0.0,543544
2023-09-22 00:00:00+05:30,82.80000305175781,88.0,82.80000305175781,88.0,5250,0.0,0.0,0.0,543544
2023-09-25 00:00:00+05:30,89.9000015258789,96.0,89.5,91.47000122070312,21000,0.0,0.0,0.0,543544
2023-09-26 00:00:00+05:30,90.0,90.0,84.76000213623047,85.1500015258789,15000,0.0,0.0,0.0,543544
2023-09-27 00:00:00+05:30,85.55000305175781,87.9000015258789,85.55000305175781,87.9000015258789,1500,0.0,0.0,0.0,543544
2023-09-28 00:00:00+05:30,89.48999786376953,93.19999694824219,85.51000213623047,85.51000213623047,12750,0.0,0.0,0.0,543544
2023-09-29 00:00:00+05:30,85.51000213623047,85.51000213623047,85.51000213623047,85.51000213623047,0,0.0,0.0,0.0,543544
2023-10-03 00:00:00+05:30,87.98999786376953,88.0,87.9800033569336,87.9800033569336,9000,0.0,0.0,0.0,543544
2023-10-04 00:00:00+05:30,89.36000061035156,89.37000274658203,85.05000305175781,85.05000305175781,6000,0.0,0.0,0.0,543544
2023-10-05 00:00:00+05:30,87.5,87.5,86.5,87.5,4500,0.0,0.0,0.0,543544
2023-10-06 00:00:00+05:30,90.0,90.80000305175781,87.5,87.5,3000,0.0,0.0,0.0,543544
2023-10-09 00:00:00+05:30,87.5,87.5,87.5,87.5,0,0.0,0.0,0.0,543544
2023-10-10 00:00:00+05:30,83.5999984741211,87.5,83.5999984741211,87.5,3000,0.0,0.0,0.0,543544
2023-10-11 00:00:00+05:30,87.5,87.5,84.0,86.83999633789062,18000,0.0,0.0,0.0,543544
2023-10-12 00:00:00+05:30,84.5999984741211,86.98999786376953,84.58999633789062,85.5,9000,0.0,0.0,0.0,543544
2023-10-13 00:00:00+05:30,83.5,87.73999786376953,83.5,85.5999984741211,10500,0.0,0.0,0.0,543544
2023-10-16 00:00:00+05:30,87.94000244140625,89.0,87.86000061035156,89.0,8250,0.0,0.0,0.0,543544
2023-10-17 00:00:00+05:30,89.0,89.5,86.0,86.30000305175781,8250,0.0,0.0,0.0,543544
2023-10-18 00:00:00+05:30,85.01000213623047,86.0,79.20999908447266,82.55999755859375,16500,0.0,0.0,0.0,543544
2023-10-19 00:00:00+05:30,86.0,89.0,82.5199966430664,88.41000366210938,31500,0.0,0.0,0.0,543544
2023-10-20 00:00:00+05:30,88.41000366210938,88.41000366210938,85.0,86.94999694824219,5250,0.0,0.0,0.0,543544
2023-10-23 00:00:00+05:30,87.0,87.0,82.41999816894531,83.0,10500,0.0,0.0,0.0,543544
2023-10-25 00:00:00+05:30,83.0,83.0,80.26000213623047,80.26000213623047,1500,0.0,0.0,0.0,543544
2023-10-26 00:00:00+05:30,80.0,80.0,80.0,80.0,2250,0.0,0.0,0.0,543544
2023-10-27 00:00:00+05:30,83.98999786376953,92.9000015258789,83.98999786376953,89.9000015258789,13500,0.0,0.0,0.0,543544
2023-10-30 00:00:00+05:30,89.9000015258789,90.5,85.51000213623047,89.0,15000,0.0,0.0,0.0,543544
2023-10-31 00:00:00+05:30,86.01000213623047,87.80000305175781,86.01000213623047,87.80000305175781,4500,0.0,0.0,0.0,543544
2023-11-01 00:00:00+05:30,87.80000305175781,87.80000305175781,87.80000305175781,87.80000305175781,750,0.0,0.0,0.0,543544
2023-11-02 00:00:00+05:30,87.80000305175781,87.80000305175781,84.0199966430664,85.5,15750,0.0,0.0,0.0,543544
2023-11-03 00:00:00+05:30,84.19999694824219,87.0,84.19999694824219,87.0,3750,0.0,0.0,0.0,543544
2023-11-06 00:00:00+05:30,82.4000015258789,85.68000030517578,80.20999908447266,85.19999694824219,21000,0.0,0.0,0.0,543544
2023-11-07 00:00:00+05:30,85.95999908447266,85.9800033569336,80.0999984741211,81.08000183105469,27000,0.0,0.0,0.0,543544
2023-11-08 00:00:00+05:30,80.0,82.0,80.0,81.0,14250,0.0,0.0,0.0,543544
2023-11-09 00:00:00+05:30,82.6500015258789,83.58999633789062,80.01000213623047,80.51000213623047,20250,0.0,0.0,0.0,543544
2023-11-10 00:00:00+05:30,81.0,81.80000305175781,78.80000305175781,80.05000305175781,13500,0.0,0.0,0.0,543544
2023-11-13 00:00:00+05:30,81.1500015258789,84.79000091552734,80.05000305175781,81.70999908447266,65250,0.0,0.0,0.0,543544
2023-11-15 00:00:00+05:30,88.0,98.05000305175781,88.0,98.05000305175781,120000,0.0,0.0,0.0,543544
2023-11-16 00:00:00+05:30,109.0,117.66000366210938,105.0,117.66000366210938,222000,0.0,0.0,0.0,543544
2023-11-17 00:00:00+05:30,126.4000015258789,129.4199981689453,114.5,129.4199981689453,176250,0.0,0.0,0.0,543544
2023-11-20 00:00:00+05:30,139.97999572753906,142.36000061035156,130.0,131.3800048828125,188250,0.0,0.0,0.0,543544
2023-11-21 00:00:00+05:30,127.51000213623047,139.25,127.01000213623047,127.5199966430664,57000,0.0,0.0,0.0,543544
2023-11-22 00:00:00+05:30,130.0,130.0,116.61000061035156,118.94999694824219,87750,0.0,0.0,0.0,543544
2023-11-23 00:00:00+05:30,113.0,118.25,109.0,117.12999725341797,39750,0.0,0.0,0.0,543544
2023-11-24 00:00:00+05:30,115.0,128.83999633789062,111.30000305175781,128.83999633789062,27750,0.0,0.0,0.0,543544
2023-11-28 00:00:00+05:30,138.0,141.72000122070312,135.10000610351562,141.72000122070312,104250,0.0,0.0,0.0,543544
2023-11-29 00:00:00+05:30,147.0,147.0,130.3000030517578,137.89999389648438,84750,0.0,0.0,0.0,543544
2023-11-30 00:00:00+05:30,140.99000549316406,140.99000549316406,134.0,134.75,24750,0.0,0.0,0.0,543544
2023-12-01 00:00:00+05:30,135.0,135.0,128.0,130.9499969482422,52500,0.0,0.0,0.0,543544
2023-12-04 00:00:00+05:30,138.0,138.0,131.5500030517578,132.3000030517578,120750,0.0,0.0,0.0,543544
2023-12-05 00:00:00+05:30,137.0,137.0,129.5,130.0500030517578,17250,0.0,0.0,0.0,543544
2023-12-06 00:00:00+05:30,130.0,130.5,126.0,126.4000015258789,27750,0.0,0.0,0.0,543544
2023-12-07 00:00:00+05:30,130.0,139.0,130.0,139.0,69000,0.0,0.0,0.0,543544
2023-12-08 00:00:00+05:30,145.0,152.89999389648438,144.89999389648438,152.89999389648438,130500,0.0,0.0,0.0,543544
2023-12-11 00:00:00+05:30,161.0,168.14999389648438,155.0,168.14999389648438,95250,0.0,0.0,0.0,543544
2023-12-12 00:00:00+05:30,173.39999389648438,176.5500030517578,165.0,176.5500030517578,87000,0.0,0.0,0.0,543544
2023-12-13 00:00:00+05:30,185.35000610351562,185.35000610351562,167.75,168.10000610351562,97500,0.0,0.0,0.0,543544
2023-12-14 00:00:00+05:30,164.60000610351562,176.5,164.5500030517578,176.5,24000,0.0,0.0,0.0,543544
2023-12-15 00:00:00+05:30,185.3000030517578,185.3000030517578,184.8000030517578,185.3000030517578,21000,0.0,0.0,0.0,543544
2023-12-18 00:00:00+05:30,191.0,194.5500030517578,182.5,191.3000030517578,55500,0.0,0.0,0.0,543544
2023-12-19 00:00:00+05:30,194.0,194.75,181.75,185.5,51750,0.0,0.0,0.0,543544
2023-12-20 00:00:00+05:30,181.5,190.9499969482422,176.25,176.3000030517578,42750,0.0,0.0,0.0,543544
2023-12-21 00:00:00+05:30,174.89999389648438,185.10000610351562,171.0,183.85000610351562,42750,0.0,0.0,0.0,543544
2023-12-22 00:00:00+05:30,185.9499969482422,190.4499969482422,182.5,190.10000610351562,21000,0.0,0.0,0.0,543544
2023-12-26 00:00:00+05:30,198.0,199.60000610351562,191.5500030517578,197.3000030517578,98250,0.0,0.0,0.0,543544
2023-12-27 00:00:00+05:30,207.14999389648438,207.14999389648438,207.14999389648438,207.14999389648438,11250,0.0,0.0,0.0,543544
2023-12-28 00:00:00+05:30,217.5,217.5,201.0,217.25,125250,0.0,0.0,0.0,543544
2023-12-29 00:00:00+05:30,227.0,228.10000610351562,218.10000610351562,226.9499969482422,67500,0.0,0.0,0.0,543544
2024-01-01 00:00:00+05:30,228.0,229.9499969482422,218.10000610351562,219.85000610351562,66000,0.0,0.0,0.0,543544
2024-01-02 00:00:00+05:30,223.0,229.64999389648438,212.10000610351562,228.14999389648438,58500,0.0,0.0,0.0,543544
2024-01-03 00:00:00+05:30,231.0,239.5500030517578,223.6999969482422,237.25,56250,0.0,0.0,0.0,543544
2024-01-04 00:00:00+05:30,245.0,249.10000610351562,245.0,249.10000610351562,30000,0.0,0.0,0.0,543544
2024-01-05 00:00:00+05:30,261.54998779296875,261.54998779296875,249.0,261.54998779296875,51000,0.0,0.0,0.0,543544
2024-01-08 00:00:00+05:30,273.0,274.6000061035156,269.25,274.6000061035156,47250,0.0,0.0,0.0,543544
2024-01-09 00:00:00+05:30,281.0,288.29998779296875,281.0,288.29998779296875,25500,0.0,0.0,0.0,543544
2024-01-10 00:00:00+05:30,288.29998779296875,288.29998779296875,288.29998779296875,288.29998779296875,0,0.0,0.0,0.0,543544
2024-01-11 00:00:00+05:30,317.79998779296875,317.79998779296875,317.79998779296875,317.79998779296875,7500,0.0,0.0,0.0,543544
2024-01-12 00:00:00+05:30,333.6499938964844,333.6499938964844,305.0,333.6499938964844,216750,0.0,0.0,0.0,543544
2024-01-15 00:00:00+05:30,333.6499938964844,333.6499938964844,333.6499938964844,333.6499938964844,0,0.0,0.0,0.0,543544
2024-01-16 00:00:00+05:30,310.0,310.0,301.1499938964844,301.1499938964844,15750,0.0,0.0,0.0,543544
2024-01-17 00:00:00+05:30,286.1000061035156,286.1000061035156,286.1000061035156,286.1000061035156,3750,0.0,0.0,0.0,543544
2024-01-18 00:00:00+05:30,271.79998779296875,300.3999938964844,271.79998779296875,298.1000061035156,105750,0.0,0.0,0.0,543544
2024-01-19 00:00:00+05:30,300.0,311.0,292.04998779296875,299.95001220703125,41250,0.0,0.0,0.0,543544
2024-01-23 00:00:00+05:30,282.3500061035156,290.0,280.79998779296875,280.79998779296875,23250,0.0,0.0,0.0,543544
2024-01-24 00:00:00+05:30,267.29998779296875,283.0,266.79998779296875,271.95001220703125,54000,0.0,0.0,0.0,543544
2024-01-25 00:00:00+05:30,279.95001220703125,285.5,279.95001220703125,283.70001220703125,24750,0.0,0.0,0.0,543544
2024-01-29 00:00:00+05:30,293.0,296.0,278.0,281.75,14250,0.0,0.0,0.0,543544
2024-01-30 00:00:00+05:30,281.0,281.0,273.1000061035156,276.0,19500,0.0,0.0,0.0,543544
2024-01-31 00:00:00+05:30,275.0,289.0,272.0,289.0,9750,0.0,0.0,0.0,543544
2024-02-01 00:00:00+05:30,297.0,297.0,277.0,290.0,8250,0.0,0.0,0.0,543544
2024-02-02 00:00:00+05:30,293.5,293.5,275.5,276.0,5250,0.0,0.0,0.0,543544
2024-02-05 00:00:00+05:30,262.20001220703125,265.0,262.20001220703125,262.20001220703125,12000,0.0,0.0,0.0,543544
2024-02-06 00:00:00+05:30,253.0,259.79998779296875,249.10000610351562,249.10000610351562,10500,0.0,0.0,0.0,543544
2024-02-07 00:00:00+05:30,236.64999389648438,236.64999389648438,236.64999389648438,236.64999389648438,18750,0.0,0.0,0.0,543544
2024-02-08 00:00:00+05:30,224.85000610351562,248.4499969482422,224.85000610351562,237.4499969482422,18750,0.0,0.0,0.0,543544
2024-02-09 00:00:00+05:30,228.0,232.0,225.60000610351562,225.85000610351562,18750,0.0,0.0,0.0,543544
2024-02-12 00:00:00+05:30,225.85000610351562,235.0,214.60000610351562,220.0,11250,0.0,0.0,0.0,543544
2024-02-13 00:00:00+05:30,220.0,231.0,209.0,231.0,20250,0.0,0.0,0.0,543544
2024-02-14 00:00:00+05:30,231.0,231.0,231.0,231.0,0,0.0,0.0,0.0,543544
2024-02-15 00:00:00+05:30,254.64999389648438,254.64999389648438,254.64999389648438,254.64999389648438,11250,0.0,0.0,0.0,543544
2024-02-16 00:00:00+05:30,264.5,267.3500061035156,254.0,267.3500061035156,18750,0.0,0.0,0.0,543544
2024-02-19 00:00:00+05:30,280.0,280.5,271.25,279.0,19500,0.0,0.0,0.0,543544
2024-02-20 00:00:00+05:30,289.79998779296875,292.95001220703125,265.04998779296875,292.95001220703125,60750,0.0,0.0,0.0,543544
2024-02-21 00:00:00+05:30,307.54998779296875,307.54998779296875,307.54998779296875,307.54998779296875,17250,0.0,0.0,0.0,543544
2024-02-22 00:00:00+05:30,322.8999938964844,322.8999938964844,300.0,322.8999938964844,96000,0.0,0.0,0.0,543544
2024-02-23 00:00:00+05:30,337.5,337.79998779296875,310.0,316.45001220703125,45000,0.0,0.0,0.0,543544
2024-02-26 00:00:00+05:30,328.0,328.70001220703125,307.0,310.0,14250,0.0,0.0,0.0,543544
2024-02-27 00:00:00+05:30,311.0,315.0,294.5,294.6000061035156,21750,0.0,0.0,0.0,543544
2024-02-28 00:00:00+05:30,290.0,308.0,280.0,284.04998779296875,30750,0.0,0.0,0.0,543544
2024-02-29 00:00:00+05:30,286.0,290.0,280.0,286.20001220703125,21750,0.0,0.0,0.0,543544
2024-03-01 00:00:00+05:30,286.20001220703125,295.5,286.20001220703125,290.0,11250,0.0,0.0,0.0,543544
2024-03-04 00:00:00+05:30,298.04998779296875,298.04998779296875,281.0,290.0,10500,0.0,0.0,0.0,543544
2024-03-05 00:00:00+05:30,278.0,286.0,275.5,275.5,15000,0.0,0.0,0.0,543544
2024-03-06 00:00:00+05:30,262.79998779296875,279.0,261.75,262.1000061035156,20250,0.0,0.0,0.0,543544
2024-03-07 00:00:00+05:30,262.0,268.0,262.0,262.70001220703125,6750,0.0,0.0,0.0,543544
2024-03-11 00:00:00+05:30,252.6999969482422,252.6999969482422,249.60000610351562,249.60000610351562,12750,0.0,0.0,0.0,543544
2024-03-12 00:00:00+05:30,238.0,238.0,237.14999389648438,237.14999389648438,2250,0.0,0.0,0.0,543544
2024-03-13 00:00:00+05:30,225.3000030517578,225.3000030517578,225.3000030517578,225.3000030517578,3750,0.0,0.0,0.0,543544
2024-03-14 00:00:00+05:30,214.0500030517578,236.5500030517578,214.0500030517578,215.0,36000,0.0,0.0,0.0,543544
2024-03-18 00:00:00+05:30,213.25,215.0,204.25,211.0,18750,0.0,0.0,0.0,543544
2024-03-19 00:00:00+05:30,216.0,221.5,200.4499969482422,205.0,26250,0.0,0.0,0.0,543544
2024-03-20 00:00:00+05:30,208.89999389648438,210.0,195.0,197.5,19500,0.0,0.0,0.0,543544
2024-03-21 00:00:00+05:30,200.0,207.35000610351562,195.0,207.35000610351562,13500,0.0,0.0,0.0,543544
2024-03-22 00:00:00+05:30,217.6999969482422,217.6999969482422,217.6999969482422,217.6999969482422,9000,0.0,0.0,0.0,543544
2024-03-26 00:00:00+05:30,228.0,228.5500030517578,228.0,228.5500030517578,7500,0.0,0.0,0.0,543544
2024-03-27 00:00:00+05:30,231.0,237.60000610351562,221.0,222.39999389648438,15000,0.0,0.0,0.0,543544
2024-03-28 00:00:00+05:30,228.0,232.0,219.0,223.0,11250,0.0,0.0,0.0,543544
2024-04-01 00:00:00+05:30,232.0,232.0,232.0,232.0,750,0.0,0.0,0.0,543544
2024-04-02 00:00:00+05:30,231.0,231.0,225.0,230.0,3000,0.0,0.0,0.0,543544
2024-04-03 00:00:00+05:30,230.0,240.85000610351562,230.0,240.75,4500,0.0,0.0,0.0,543544
2024-04-04 00:00:00+05:30,242.0,242.0,228.75,228.75,6000,0.0,0.0,0.0,543544
2024-04-05 00:00:00+05:30,236.0,236.0,236.0,236.0,3000,0.0,0.0,0.0,543544
2024-04-08 00:00:00+05:30,225.0,225.0,224.1999969482422,224.1999969482422,6000,0.0,0.0,0.0,543544
2024-04-09 00:00:00+05:30,224.1999969482422,224.1999969482422,224.1999969482422,224.1999969482422,0,0.0,0.0,0.0,543544
2024-04-10 00:00:00+05:30,214.0,214.10000610351562,213.0,214.10000610351562,3750,0.0,0.0,0.0,543544
2024-04-12 00:00:00+05:30,214.10000610351562,214.10000610351562,203.39999389648438,203.39999389648438,20250,0.0,0.0,0.0,543544
2024-04-15 00:00:00+05:30,193.25,210.0,193.25,205.35000610351562,17250,0.0,0.0,0.0,543544
2024-04-16 00:00:00+05:30,205.0,215.60000610351562,200.0,213.0,27000,0.0,0.0,0.0,543544
2024-04-18 00:00:00+05:30,213.0,220.8000030517578,205.0,220.39999389648438,22500,0.0,0.0,0.0,543544
2024-04-19 00:00:00+05:30,212.0,223.64999389648438,212.0,213.0,11250,0.0,0.0,0.0,543544
2024-04-22 00:00:00+05:30,213.0,213.0,202.35000610351562,203.4499969482422,10500,0.0,0.0,0.0,543544
2024-04-23 00:00:00+05:30,209.0,210.0,207.0,209.0,14250,0.0,0.0,0.0,543544
2024-04-24 00:00:00+05:30,209.0,209.0,204.0,205.3000030517578,11250,0.0,0.0,0.0,543544
2024-04-25 00:00:00+05:30,204.1999969482422,210.0,204.1999969482422,209.35000610351562,4500,0.0,0.0,0.0,543544
2024-04-26 00:00:00+05:30,205.0,206.0,205.0,205.0,2250,0.0,0.0,0.0,543544
2024-04-29 00:00:00+05:30,202.0,207.0,202.0,207.0,4500,0.0,0.0,0.0,543544
2024-04-30 00:00:00+05:30,204.0,210.4499969482422,203.0,210.14999389648438,5250,0.0,0.0,0.0,543544
2024-05-02 00:00:00+05:30,209.0,209.0,200.5,201.14999389648438,14250,0.0,0.0,0.0,543544
2024-05-03 00:00:00+05:30,202.1999969482422,205.0,201.0,205.0,3750,0.0,0.0,0.0,543544
2024-05-06 00:00:00+05:30,210.4499969482422,211.0,194.75,196.89999389648438,16500,0.0,0.0,0.0,543544
2024-05-07 00:00:00+05:30,194.4499969482422,194.4499969482422,192.60000610351562,194.0,6750,0.0,0.0,0.0,543544
2024-05-08 00:00:00+05:30,200.0,200.0,188.5,193.89999389648438,12750,0.0,0.0,0.0,543544
2024-05-09 00:00:00+05:30,193.0,193.0,186.0,186.25,6000,0.0,0.0,0.0,543544
2024-05-10 00:00:00+05:30,182.1999969482422,189.89999389648438,182.1999969482422,189.89999389648438,2250,0.0,0.0,0.0,543544
2024-05-13 00:00:00+05:30,186.6999969482422,186.6999969482422,180.4499969482422,180.4499969482422,14250,0.0,0.0,0.0,543544
2024-05-14 00:00:00+05:30,180.4499969482422,180.5,172.3000030517578,180.5,15000,0.0,0.0,0.0,543544
2024-05-15 00:00:00+05:30,185.9499969482422,186.0,178.0,181.75,37500,0.0,0.0,0.0,543544
2024-05-16 00:00:00+05:30,185.39999389648438,190.8000030517578,185.39999389648438,190.8000030517578,15000,0.0,0.0,0.0,543544
2024-05-17 00:00:00+05:30,190.8000030517578,198.0,190.8000030517578,197.5,2250,0.0,0.0,0.0,543544
2024-05-21 00:00:00+05:30,195.0,195.0,194.0,194.0,1500,0.0,0.0,0.0,543544
2024-05-22 00:00:00+05:30,195.0,199.9499969482422,184.3000030517578,184.3000030517578,25500,0.0,0.0,0.0,543544
2024-05-23 00:00:00+05:30,183.0,192.3000030517578,183.0,191.64999389648438,7500,0.0,0.0,0.0,543544
2024-05-24 00:00:00+05:30,185.0,185.5500030517578,183.0500030517578,185.0,12000,0.0,0.0,0.0,543544
2024-05-27 00:00:00+05:30,177.10000610351562,182.0,177.10000610351562,180.0,9000,0.0,0.0,0.0,543544
2024-05-28 00:00:00+05:30,180.0,187.0,174.0,178.0,9750,0.0,0.0,0.0,543544
2024-05-29 00:00:00+05:30,186.0,186.0,172.0,180.5,8250,0.0,0.0,0.0,543544
2024-05-30 00:00:00+05:30,188.75,188.75,171.5,171.5,20250,0.0,0.0,0.0,543544
2024-05-31 00:00:00+05:30,177.75,177.75,162.9499969482422,162.9499969482422,21750,0.0,0.0,0.0,543544
2024-06-03 00:00:00+05:30,162.85000610351562,162.85000610351562,154.85000610351562,159.75,30000,0.0,0.0,0.0,543544
2024-06-04 00:00:00+05:30,160.6999969482422,163.89999389648438,154.0,154.25,10500,0.0,0.0,0.0,543544
2024-06-05 00:00:00+05:30,154.0,154.0,146.5500030517578,146.5500030517578,13500,0.0,0.0,0.0,543544
2024-06-06 00:00:00+05:30,146.9499969482422,153.85000610351562,146.9499969482422,153.85000610351562,6750,0.0,0.0,0.0,543544
2024-06-07 00:00:00+05:30,164.89999389648438,169.0,157.0,159.8000030517578,15750,0.0,0.0,0.0,543544
2024-06-10 00:00:00+05:30,159.8000030517578,159.8000030517578,143.85000610351562,148.9499969482422,39000,0.0,0.0,0.0,543544
2024-06-11 00:00:00+05:30,147.5,147.5,142.0,142.64999389648438,9000,0.0,0.0,0.0,543544
2024-06-12 00:00:00+05:30,143.4499969482422,144.0,137.0,139.89999389648438,19500,0.0,0.0,0.0,543544
2024-06-13 00:00:00+05:30,140.6999969482422,153.85000610351562,140.6999969482422,153.85000610351562,33000,0.0,0.0,0.0,543544
2024-06-14 00:00:00+05:30,164.0,169.1999969482422,163.0,169.1999969482422,33000,0.0,0.0,0.0,543544
2024-06-18 00:00:00+05:30,186.10000610351562,186.10000610351562,177.10000610351562,181.75,68250,0.0,0.0,0.0,543544
2024-06-19 00:00:00+05:30,175.14999389648438,181.0,164.0,167.5,33750,0.0,0.0,0.0,543544
2024-06-20 00:00:00+05:30,166.35000610351562,170.4499969482422,166.0,169.75,6000,0.0,0.0,0.0,543544
2024-06-21 00:00:00+05:30,169.75,169.75,157.39999389648438,164.0,15000,0.0,0.0,0.0,543544
2024-06-24 00:00:00+05:30,169.35000610351562,172.0,166.60000610351562,171.9499969482422,5250,0.0,0.0,0.0,543544
2024-06-25 00:00:00+05:30,179.0,179.0,166.8000030517578,174.35000610351562,18750,0.0,0.0,0.0,543544
2024-06-26 00:00:00+05:30,167.10000610351562,179.5,162.8000030517578,166.25,32250,0.0,0.0,0.0,543544
2024-06-27 00:00:00+05:30,165.0,169.35000610351562,164.0,164.0,8250,0.0,0.0,0.0,543544
2024-06-28 00:00:00+05:30,161.0,163.0,151.8000030517578,156.14999389648438,28500,0.0,0.0,0.0,543544
2024-07-01 00:00:00+05:30,158.0,160.5,154.35000610351562,159.60000610351562,9750,0.0,0.0,0.0,543544
2024-07-02 00:00:00+05:30,163.25,175.5500030517578,163.0,174.60000610351562,34500,0.0,0.0,0.0,543544
2024-07-03 00:00:00+05:30,176.0,183.8000030517578,176.0,179.0,51000,0.0,0.0,0.0,543544
2024-07-04 00:00:00+05:30,183.60000610351562,183.9499969482422,174.5,175.8000030517578,30750,0.0,0.0,0.0,543544
2024-07-05 00:00:00+05:30,183.0,183.0,173.1999969482422,174.25,19500,0.0,0.0,0.0,543544
2024-07-08 00:00:00+05:30,181.8000030517578,182.0,170.0500030517578,175.25,22500,0.0,0.0,0.0,543544
2024-07-09 00:00:00+05:30,173.0500030517578,173.0500030517578,166.14999389648438,170.0,12750,0.0,0.0,0.0,543544
2024-07-10 00:00:00+05:30,167.0500030517578,168.9499969482422,161.5500030517578,168.0,10500,0.0,0.0,0.0,543544
2024-07-11 00:00:00+05:30,168.0,170.0,167.0,169.0,6000,0.0,0.0,0.0,543544
2024-07-12 00:00:00+05:30,165.9499969482422,173.8000030517578,165.9499969482422,166.1999969482422,6000,0.0,0.0,0.0,543544
2024-07-15 00:00:00+05:30,175.0,177.1999969482422,166.25,167.5500030517578,30000,0.0,0.0,0.0,543544
2024-07-16 00:00:00+05:30,173.6999969482422,174.5,171.0,174.5,12000,0.0,0.0,0.0,543544
2024-07-18 00:00:00+05:30,174.5,174.5,163.0,165.0,12750,0.0,0.0,0.0,543544
2024-07-19 00:00:00+05:30,165.0,165.39999389648438,160.5500030517578,163.5,4500,0.0,0.0,0.0,543544
2024-07-22 00:00:00+05:30,157.5500030517578,166.89999389648438,157.5500030517578,161.0500030517578,6750,0.0,0.0,0.0,543544
2024-07-23 00:00:00+05:30,164.0,167.64999389648438,161.4499969482422,162.75,9750,0.0,0.0,0.0,543544
2024-07-24 00:00:00+05:30,163.1999969482422,166.3000030517578,159.5,160.75,7500,0.0,0.0,0.0,543544
2024-07-25 00:00:00+05:30,148.1999969482422,158.0,148.0,155.5500030517578,9750,0.0,0.0,0.0,543544
2024-07-26 00:00:00+05:30,163.8000030517578,171.10000610351562,163.0,170.89999389648438,62250,0.0,0.0,0.0,543544
2024-07-29 00:00:00+05:30,174.8000030517578,174.8000030517578,160.0,161.64999389648438,34500,0.0,0.0,0.0,543544
2024-07-30 00:00:00+05:30,171.39999389648438,171.39999389648438,155.85000610351562,159.5500030517578,41250,0.0,0.0,0.0,543544
2024-07-31 00:00:00+05:30,160.35000610351562,164.75,150.0,153.0500030517578,63000,0.0,0.0,0.0,543544
2024-08-01 00:00:00+05:30,159.0,159.0,148.5,150.0,24000,0.0,0.0,0.0,543544
2024-08-02 00:00:00+05:30,146.0500030517578,155.8000030517578,145.5,149.8000030517578,24000,0.0,0.0,0.0,543544
2024-08-05 00:00:00+05:30,146.0,149.0,143.5,145.6999969482422,20250,0.0,0.0,0.0,543544
2024-08-06 00:00:00+05:30,150.0,153.5,139.5,140.5500030517578,44250,0.0,0.0,0.0,543544
2024-08-07 00:00:00+05:30,145.39999389648438,146.5,139.0500030517578,139.75,22500,0.0,0.0,0.0,543544
2024-08-08 00:00:00+05:30,144.64999389648438,149.5500030517578,141.0,144.25,66750,0.0,0.0,0.0,543544
2024-08-09 00:00:00+05:30,148.89999389648438,162.89999389648438,148.89999389648438,152.5,45750,0.0,0.0,0.0,543544
2024-08-12 00:00:00+05:30,154.0,154.0,142.14999389648438,144.5500030517578,32250,0.0,0.0,0.0,543544
2024-08-13 00:00:00+05:30,143.25,144.9499969482422,135.0,136.14999389648438,70500,0.0,0.0,0.0,543544
2024-08-14 00:00:00+05:30,136.14999389648438,140.39999389648438,136.14999389648438,139.75,22500,0.0,0.0,0.0,543544
2024-08-16 00:00:00+05:30,140.0,145.89999389648438,140.0,140.4499969482422,46500,0.0,0.0,0.0,543544
2024-08-19 00:00:00+05:30,141.0,144.39999389648438,136.5,136.5500030517578,31500,0.0,0.0,0.0,543544
2024-08-20 00:00:00+05:30,139.85000610351562,141.0,136.0,137.35000610351562,60000,0.0,0.0,0.0,543544
2024-08-21 00:00:00+05:30,139.9499969482422,140.64999389648438,136.0,136.1999969482422,27000,0.0,0.0,0.0,543544
2024-08-22 00:00:00+05:30,136.1999969482422,139.3000030517578,135.60000610351562,137.14999389648438,28500,0.0,0.0,0.0,543544
2024-08-23 00:00:00+05:30,140.89999389648438,140.89999389648438,138.10000610351562,139.89999389648438,14250,0.0,0.0,0.0,543544
2024-08-26 00:00:00+05:30,139.89999389648438,141.85000610351562,138.0,138.0,15000,0.0,0.0,0.0,543544
2024-08-27 00:00:00+05:30,142.0,142.0,137.14999389648438,139.4499969482422,10500,0.0,0.0,0.0,543544
2024-08-28 00:00:00+05:30,139.4499969482422,143.89999389648438,138.0,142.9499969482422,21000,0.0,0.0,0.0,543544
2024-08-29 00:00:00+05:30,144.89999389648438,144.89999389648438,136.0,136.14999389648438,38250,0.0,0.0,0.0,543544
2024-08-30 00:00:00+05:30,136.0,139.85000610351562,135.0500030517578,137.14999389648438,13500,0.0,0.0,0.0,543544
2024-09-02 00:00:00+05:30,137.14999389648438,138.5,136.0,136.0,3750,0.0,0.0,0.0,543544
2024-09-03 00:00:00+05:30,134.0,134.0,127.0999984741211,130.0,40500,0.0,0.0,0.0,543544
2024-09-04 00:00:00+05:30,130.0,135.0,130.0,134.1999969482422,9000,0.0,0.0,0.0,543544
2024-09-05 00:00:00+05:30,132.0,149.39999389648438,131.0,142.3000030517578,41250,0.0,0.0,0.0,543544
2024-09-06 00:00:00+05:30,144.0,144.0,136.5,136.5,9000,0.0,0.0,0.0,543544
2024-09-09 00:00:00+05:30,139.0,139.85000610351562,128.10000610351562,130.4499969482422,47250,0.0,0.0,0.0,543544
2024-09-10 00:00:00+05:30,133.85000610351562,135.35000610351562,128.5,130.35000610351562,28500,0.0,0.0,0.0,543544
2024-09-11 00:00:00+05:30,130.35000610351562,134.4499969482422,129.75,132.5,25500,0.0,0.0,0.0,543544
2024-09-12 00:00:00+05:30,132.0,132.0,124.94999694824219,126.5,44250,0.0,0.0,0.0,543544
2024-09-13 00:00:00+05:30,127.94999694824219,130.5,125.25,130.0,34500,0.0,0.0,0.0,543544
2024-09-16 00:00:00+05:30,133.6999969482422,133.6999969482422,125.0,125.4000015258789,28500,0.0,0.0,0.0,543544
2024-09-17 00:00:00+05:30,125.19999694824219,131.0,120.0,121.0,48750,0.0,0.0,0.0,543544
2024-09-18 00:00:00+05:30,121.3499984741211,124.9000015258789,121.1500015258789,122.0,12750,0.0,0.0,0.0,543544
2024-09-19 00:00:00+05:30,118.0,126.3499984741211,115.30000305175781,119.0,12750,0.0,0.0,0.0,543544
2024-09-20 00:00:00+05:30,119.0,119.80000305175781,117.55000305175781,118.0999984741211,9750,0.0,0.0,0.0,543544
2024-09-23 00:00:00+05:30,122.0,122.0,108.3499984741211,114.94999694824219,53250,0.0,0.0,0.0,543544
2024-09-24 00:00:00+05:30,114.94999694824219,130.0,114.94999694824219,126.3499984741211,42750,0.0,0.0,0.0,543544
2024-09-25 00:00:00+05:30,130.14999389648438,132.1999969482422,124.5,125.9000015258789,21750,0.0,0.0,0.0,543544
2024-09-26 00:00:00+05:30,126.5,130.0,121.0,129.35000610351562,24750,0.0,0.0,0.0,543544
2024-09-27 00:00:00+05:30,130.35000610351562,143.0500030517578,129.64999389648438,142.0500030517578,90750,0.0,0.0,0.0,543544
2024-09-30 00:00:00+05:30,144.89999389648438,145.0,137.5,137.5,36000,0.0,0.0,0.0,543544
2024-10-01 00:00:00+05:30,137.5,141.0,134.25,140.39999389648438,11250,0.0,0.0,0.0,543544
2024-10-03 00:00:00+05:30,139.9499969482422,139.9499969482422,133.6999969482422,138.5500030517578,12750,0.0,0.0,0.0,543544
2024-10-04 00:00:00+05:30,138.39999389648438,142.0,138.0,140.9499969482422,45750,0.0,0.0,0.0,543544
2024-10-07 00:00:00+05:30,139.5500030517578,139.5500030517578,127.5,135.14999389648438,27000,0.0,0.0,0.0,543544
2024-10-08 00:00:00+05:30,137.89999389648438,139.10000610351562,132.14999389648438,134.0,15000,0.0,0.0,0.0,543544
2024-10-09 00:00:00+05:30,135.0,138.0,135.0,135.89999389648438,13500,0.0,0.0,0.0,543544
2024-10-10 00:00:00+05:30,134.4499969482422,135.39999389648438,132.5,132.6999969482422,9750,0.0,0.0,0.0,543544
2024-10-11 00:00:00+05:30,133.0,133.0,127.0,128.75,18000,0.0,0.0,0.0,543544
2024-10-14 00:00:00+05:30,129.3000030517578,133.3000030517578,125.0,131.0,21750,0.0,0.0,0.0,543544
2024-10-15 00:00:00+05:30,131.0,131.0,128.75,128.75,5250,0.0,0.0,0.0,543544
2024-10-16 00:00:00+05:30,125.0999984741211,129.25,125.0999984741211,127.0999984741211,16500,0.0,0.0,0.0,543544
2024-10-17 00:00:00+05:30,127.0999984741211,129.0,127.0,127.19999694824219,16500,0.0,0.0,0.0,543544
2024-10-18 00:00:00+05:30,126.0,128.39999389648438,125.0,125.94999694824219,6000,0.0,0.0,0.0,543544
2024-10-21 00:00:00+05:30,123.8499984741211,125.94999694824219,123.8499984741211,125.6500015258789,7500,0.0,0.0,0.0,543544
2024-10-22 00:00:00+05:30,125.94999694824219,134.1999969482422,121.94999694824219,122.0,24750,0.0,0.0,0.0,543544
2024-10-23 00:00:00+05:30,122.0,125.0999984741211,120.0,124.19999694824219,21000,0.0,0.0,0.0,543544
2024-10-24 00:00:00+05:30,121.19999694824219,125.0,108.0,109.9000015258789,53250,0.0,0.0,0.0,543544
2024-10-25 00:00:00+05:30,110.0,114.75,103.55000305175781,108.30000305175781,16500,0.0,0.0,0.0,543544
2024-10-28 00:00:00+05:30,114.0,116.94999694824219,113.0,114.0,7500,0.0,0.0,0.0,543544
2024-10-29 00:00:00+05:30,114.0,114.0,109.5,111.9000015258789,9000,0.0,0.0,0.0,543544
2024-10-30 00:00:00+05:30,112.0,117.94999694824219,112.0,116.5999984741211,10500,0.0,0.0,0.0,543544
2024-10-31 00:00:00+05:30,119.94999694824219,120.5,119.94999694824219,120.5,4500,0.0,0.0,0.0,543544
2024-11-01 00:00:00+05:30,122.19999694824219,122.19999694824219,122.19999694824219,122.19999694824219,750,0.0,0.0,0.0,543544
2024-11-04 00:00:00+05:30,125.9000015258789,125.9000015258789,119.55000305175781,119.55000305175781,10500,0.0,0.0,0.0,543544
2024-11-05 00:00:00+05:30,119.0,119.94999694824219,115.75,119.4000015258789,20250,0.0,0.0,0.0,543544
2024-11-06 00:00:00+05:30,122.75,124.0,122.0,122.0,6750,0.0,0.0,0.0,543544
2024-11-07 00:00:00+05:30,125.0,130.3000030517578,124.0,128.5,21750,0.0,0.0,0.0,543544
2024-11-08 00:00:00+05:30,136.0,136.0,128.3000030517578,130.1999969482422,12000,0.0,0.0,0.0,543544
2024-11-11 00:00:00+05:30,129.5,129.5,125.0,125.0,2250,0.0,0.0,0.0,543544
2024-11-12 00:00:00+05:30,124.19999694824219,125.4000015258789,124.19999694824219,125.0,12000,0.0,0.0,0.0,543544
2024-11-13 00:00:00+05:30,122.0,130.0,121.0,128.60000610351562,39750,0.0,0.0,0.0,543544
2024-11-14 00:00:00+05:30,118.55000305175781,123.94999694824219,115.0,118.5,12000,0.0,0.0,0.0,543544
2024-11-18 00:00:00+05:30,120.0,142.1999969482422,120.0,139.14999389648438,111000,0.0,0.0,0.0,543544
2024-11-19 00:00:00+05:30,147.8000030517578,154.0500030517578,141.5,144.0500030517578,54750,0.0,0.0,0.0,543544
2024-11-21 00:00:00+05:30,152.8000030517578,152.8000030517578,133.8000030517578,136.8000030517578,27750,0.0,0.0,0.0,543544
2024-11-22 00:00:00+05:30,133.5,138.0500030517578,133.5,138.0500030517578,12750,0.0,0.0,0.0,543544
2024-11-25 00:00:00+05:30,141.89999389648438,142.9499969482422,139.0,139.25,14250,0.0,0.0,0.0,543544
2024-11-26 00:00:00+05:30,140.0,140.0,136.25,136.60000610351562,9000,0.0,0.0,0.0,543544
2024-11-27 00:00:00+05:30,137.25,139.0,135.0,135.1999969482422,16500,0.0,0.0,0.0,543544
2024-11-28 00:00:00+05:30,132.14999389648438,143.0,128.0,131.10000610351562,31500,0.0,0.0,0.0,543544
2024-11-29 00:00:00+05:30,132.0,133.0,132.0,133.0,1500,0.0,0.0,0.0,543544
2024-12-02 00:00:00+05:30,137.0,137.9499969482422,137.0,137.9499969482422,1500,0.0,0.0,0.0,543544
2024-12-03 00:00:00+05:30,138.0,138.0,134.0,135.0,7500,0.0,0.0,0.0,543544
2024-12-04 00:00:00+05:30,135.0,135.0,135.0,135.0,1500,0.0,0.0,0.0,543544
2024-12-05 00:00:00+05:30,134.0,138.0,130.0,135.9499969482422,17250,0.0,0.0,0.0,543544
2024-12-06 00:00:00+05:30,138.6999969482422,145.0,137.0,139.5,81750,0.0,0.0,0.0,543544
2024-12-09 00:00:00+05:30,139.0,142.0,139.0,140.39999389648438,13500,0.0,0.0,0.0,543544
2024-12-10 00:00:00+05:30,145.0,148.0,142.0,144.10000610351562,54750,0.0,0.0,0.0,543544
2024-12-11 00:00:00+05:30,140.0,160.0,140.0,156.35000610351562,175500,0.0,0.0,0.0,543544
2024-12-12 00:00:00+05:30,162.39999389648438,164.85000610351562,157.1999969482422,157.25,48000,0.0,0.0,0.0,543544
2024-12-13 00:00:00+05:30,158.6999969482422,161.25,148.3000030517578,159.9499969482422,51750,0.0,0.0,0.0,543544
2024-12-16 00:00:00+05:30,159.0,159.0,153.10000610351562,153.10000610351562,12750,0.0,0.0,0.0,543544
2024-12-17 00:00:00+05:30,145.1999969482422,150.0,143.0,145.5500030517578,15750,0.0,0.0,0.0,543544
2024-12-18 00:00:00+05:30,144.3000030517578,148.1999969482422,137.0,137.75,18750,0.0,0.0,0.0,543544
2024-12-19 00:00:00+05:30,136.0,147.89999389648438,136.0,142.8000030517578,18000,0.0,0.0,0.0,543544
2024-12-20 00:00:00+05:30,144.8000030517578,145.8000030517578,136.0,137.60000610351562,23250,0.0,0.0,0.0,543544
2024-12-23 00:00:00+05:30,137.60000610351562,142.0,137.60000610351562,141.0,5250,0.0,0.0,0.0,543544
2024-12-24 00:00:00+05:30,142.0,142.89999389648438,134.60000610351562,136.75,7500,0.0,0.0,0.0,543544
2024-12-26 00:00:00+05:30,141.8000030517578,144.0,139.0,142.5500030517578,14250,0.0,0.0,0.0,543544
2024-12-27 00:00:00+05:30,142.5500030517578,142.5500030517578,142.5500030517578,142.5500030517578,0,0.0,0.0,0.0,543544
2024-12-30 00:00:00+05:30,136.0,138.0,135.0,135.10000610351562,11250,0.0,0.0,0.0,543544
2024-12-31 00:00:00+05:30,133.10000610351562,136.64999389648438,132.3000030517578,136.64999389648438,3750,0.0,0.0,0.0,543544
2025-01-01 00:00:00+05:30,141.5,141.5,137.64999389648438,138.0,5250,0.0,0.0,0.0,543544
2025-01-02 00:00:00+05:30,137.0,149.89999389648438,137.0,144.85000610351562,36000,0.0,0.0,0.0,543544
2025-01-03 00:00:00+05:30,143.0,149.5,139.0500030517578,140.25,40500,0.0,0.0,0.0,543544
2025-01-06 00:00:00+05:30,137.0,141.0,130.39999389648438,134.0500030517578,13500,0.0,0.0,0.0,543544
2025-01-07 00:00:00+05:30,134.5500030517578,135.60000610351562,134.0,134.6999969482422,10500,0.0,0.0,0.0,543544
2025-01-08 00:00:00+05:30,134.6999969482422,139.0,134.6999969482422,139.0,6000,0.0,0.0,0.0,543544
2025-01-09 00:00:00+05:30,137.3000030517578,137.3000030517578,136.0,136.0,4500,0.0,0.0,0.0,543544
2025-01-10 00:00:00+05:30,135.0,135.0,131.14999389648438,131.4499969482422,4500,0.0,0.0,0.0,543544
2025-01-13 00:00:00+05:30,132.0,132.0,126.4000015258789,127.05000305175781,24750,0.0,0.0,0.0,543544
2025-01-14 00:00:00+05:30,125.0,130.9499969482422,120.3499984741211,130.9499969482422,4500,0.0,0.0,0.0,543544
2025-01-15 00:00:00+05:30,135.10000610351562,135.10000610351562,130.10000610351562,130.10000610351562,2250,0.0,0.0,0.0,543544
2025-01-16 00:00:00+05:30,130.1999969482422,132.0,129.6999969482422,129.6999969482422,5250,0.0,0.0,0.0,543544
2025-01-17 00:00:00+05:30,126.30000305175781,130.0,126.30000305175781,130.0,3000,0.0,0.0,0.0,543544
2025-01-20 00:00:00+05:30,127.3499984741211,131.3000030517578,127.30000305175781,128.0,6750,0.0,0.0,0.0,543544
2025-01-21 00:00:00+05:30,125.0999984741211,125.1500015258789,121.5,123.1500015258789,5250,0.0,0.0,0.0,543544
2025-01-22 00:00:00+05:30,125.0999984741211,125.0999984741211,114.0,118.6500015258789,21000,0.0,0.0,0.0,543544
2025-01-23 00:00:00+05:30,119.9000015258789,119.9000015258789,115.0999984741211,115.1500015258789,7500,0.0,0.0,0.0,543544
2025-01-24 00:00:00+05:30,113.19999694824219,114.8499984741211,113.0,114.44999694824219,8250,0.0,0.0,0.0,543544
2025-01-27 00:00:00+05:30,114.44999694824219,114.44999694824219,104.30000305175781,104.30000305175781,6750,0.0,0.0,0.0,543544
2025-01-28 00:00:00+05:30,104.30000305175781,109.0,99.9000015258789,109.0,6000,0.0,0.0,0.0,543544
2025-01-29 00:00:00+05:30,112.0,114.94999694824219,101.0,114.8499984741211,10500,0.0,0.0,0.0,543544
2025-01-30 00:00:00+05:30,118.30000305175781,118.30000305175781,112.0,112.55000305175781,6000,0.0,0.0,0.0,543544
2025-01-31 00:00:00+05:30,114.05000305175781,118.0,111.25,118.0,9750,0.0,0.0,0.0,543544
2025-02-03 00:00:00+05:30,123.94999694824219,124.0,115.30000305175781,122.0,4500,0.0,0.0,0.0,543544
2025-02-04 00:00:00+05:30,118.0,124.0,107.0999984741211,111.5999984741211,24000,0.0,0.0,0.0,543544
2025-02-05 00:00:00+05:30,112.75,113.0,111.0,111.0,6750,0.0,0.0,0.0,543544
2025-02-06 00:00:00+05:30,110.0,113.0,110.0,110.0,7500,0.0,0.0,0.0,543544
2025-02-07 00:00:00+05:30,113.0,113.0,113.0,113.0,1500,0.0,0.0,0.0,543544
2025-02-10 00:00:00+05:30,111.0,111.0,107.0999984741211,107.0999984741211,5250,0.0,0.0,0.0,543544
2025-02-11 00:00:00+05:30,102.0,102.0,91.0999984741211,97.25,25500,0.0,0.0,0.0,543544
2025-02-12 00:00:00+05:30,97.25,100.0,91.0,92.0999984741211,21750,0.0,0.0,0.0,543544
2025-02-13 00:00:00+05:30,96.0,98.94999694824219,95.0,98.94999694824219,3000,0.0,0.0,0.0,543544
2025-02-14 00:00:00+05:30,98.94999694824219,98.94999694824219,92.0,92.80000305175781,4500,0.0,0.0,0.0,543544
2025-02-17 00:00:00+05:30,93.0,93.0,76.0,76.8499984741211,30750,0.0,0.0,0.0,543544
2025-02-18 00:00:00+05:30,78.0,86.5,78.0,80.9000015258789,33000,0.0,0.0,0.0,543544
2025-02-19 00:00:00+05:30,88.0,88.0,78.30000305175781,81.1500015258789,22500,0.0,0.0,0.0,543544
2025-02-20 00:00:00+05:30,82.0,82.94999694824219,78.19999694824219,82.80000305175781,13500,0.0,0.0,0.0,543544
2025-02-21 00:00:00+05:30,83.80000305175781,83.9000015258789,78.69999694824219,78.8499984741211,36000,0.0,0.0,0.0,543544
2025-02-24 00:00:00+05:30,81.4000015258789,82.5999984741211,80.0,81.44999694824219,12750,0.0,0.0,0.0,543544
2025-02-25 00:00:00+05:30,84.9000015258789,85.44999694824219,80.0,82.19999694824219,27750,0.0,0.0,0.0,543544
2025-02-27 00:00:00+05:30,82.0,83.9000015258789,78.0999984741211,81.0999984741211,16500,0.0,0.0,0.0,543544
2025-02-28 00:00:00+05:30,78.55000305175781,80.0,77.05000305175781,78.30000305175781,10500,0.0,0.0,0.0,543544
2025-03-03 00:00:00+05:30,75.0,80.0,74.38999938964844,75.0,14250,0.0,0.0,0.0,543544
2025-03-04 00:00:00+05:30,73.0,76.0,71.61000061035156,75.9000015258789,18750,0.0,0.0,0.0,543544
2025-03-05 00:00:00+05:30,77.19999694824219,77.19999694824219,73.0,75.0999984741211,18000,0.0,0.0,0.0,543544
2025-03-06 00:00:00+05:30,73.0,74.0,71.3499984741211,72.47000122070312,29250,0.0,0.0,0.0,543544
2025-03-07 00:00:00+05:30,72.0,73.0,68.8499984741211,71.19000244140625,24000,0.0,0.0,0.0,543544
2025-03-10 00:00:00+05:30,72.25,72.5,67.63999938964844,69.66000366210938,27750,0.0,0.0,0.0,543544
2025-03-11 00:00:00+05:30,72.48999786376953,73.13999938964844,70.0,72.05999755859375,21000,0.0,0.0,0.0,543544
2025-03-12 00:00:00+05:30,70.11000061035156,70.11000061035156,68.5199966430664,69.19999694824219,11250,0.0,0.0,0.0,543544
2025-03-13 00:00:00+05:30,71.77999877929688,72.66000366210938,67.1500015258789,70.20999908447266,27000,0.0,0.0,0.0,543544
2025-03-17 00:00:00+05:30,70.0,70.0,67.0,67.01000213623047,10500,0.0,0.0,0.0,543544
2025-03-18 00:00:00+05:30,66.69999694824219,70.36000061035156,66.69999694824219,70.36000061035156,40500,0.0,0.0,0.0,543544
2025-03-19 00:00:00+05:30,73.87000274658203,73.87000274658203,71.0,73.87000274658203,33750,0.0,0.0,0.0,543544
2025-03-20 00:00:00+05:30,73.87000274658203,77.37999725341797,73.87000274658203,77.37999725341797,21000,0.0,0.0,0.0,543544
2025-03-21 00:00:00+05:30,75.19999694824219,81.23999786376953,75.19999694824219,77.5,40500,0.0,0.0,0.0,543544
2025-03-24 00:00:00+05:30,78.0999984741211,78.0999984741211,73.62999725341797,73.7699966430664,32250,0.0,0.0,0.0,543544
2025-03-25 00:00:00+05:30,72.05000305175781,73.05000305175781,70.08999633789062,70.08999633789062,30000,0.0,0.0,0.0,543544
2025-03-26 00:00:00+05:30,67.5,69.0,66.58999633789062,66.62999725341797,46500,0.0,0.0,0.0,543544
2025-03-27 00:00:00+05:30,66.0,69.80000305175781,63.29999923706055,63.5099983215332,39750,0.0,0.0,0.0,543544
2025-03-28 00:00:00+05:30,66.0,66.5,60.34000015258789,64.94000244140625,55500,0.0,0.0,0.0,543544
2025-04-01 00:00:00+05:30,62.08000183105469,68.0,61.79999923706055,66.62999725341797,9000,0.0,0.0,0.0,543544
2025-04-02 00:00:00+05:30,67.0,69.95999908447266,67.0,69.95999908447266,8250,0.0,0.0,0.0,543544
2025-04-03 00:00:00+05:30,72.4800033569336,73.44999694824219,72.19000244140625,73.44999694824219,6750,0.0,0.0,0.0,543544
2025-04-04 00:00:00+05:30,77.12000274658203,77.12000274658203,76.0,77.12000274658203,34500,0.0,0.0,0.0,543544
2025-04-07 00:00:00+05:30,73.2699966430664,73.2699966430664,73.2699966430664,73.2699966430664,9000,0.0,0.0,0.0,543544
2025-04-08 00:00:00+05:30,71.81999969482422,73.98999786376953,71.81999969482422,71.81999969482422,28500,0.0,0.0,0.0,543544
2025-04-09 00:00:00+05:30,72.98999786376953,72.98999786376953,72.98999786376953,72.98999786376953,2250,0.0,0.0,0.0,543544
2025-04-11 00:00:00+05:30,72.98999786376953,72.98999786376953,72.98999786376953,72.98999786376953,0,0.0,0.0,0.0,543544
2025-04-15 00:00:00+05:30,74.0,74.4000015258789,73.9000015258789,74.4000015258789,9750,0.0,0.0,0.0,543544
2025-04-16 00:00:00+05:30,75.87999725341797,75.87999725341797,75.87999725341797,75.87999725341797,2250,0.0,0.0,0.0,543544
2025-04-17 00:00:00+05:30,77.38999938964844,77.38999938964844,77.38999938964844,77.38999938964844,1500,0.0,0.0,0.0,543544
2025-04-21 00:00:00+05:30,78.93000030517578,78.93000030517578,78.93000030517578,78.93000030517578,750,0.0,0.0,0.0,543544
2025-04-22 00:00:00+05:30,78.93000030517578,78.93000030517578,78.93000030517578,78.93000030517578,0,0.0,0.0,0.0,543544
2025-04-23 00:00:00+05:30,80.5,80.5,78.93000030517578,78.93000030517578,5250,0.0,0.0,0.0,543544
2025-04-24 00:00:00+05:30,78.93000030517578,78.93000030517578,78.93000030517578,78.93000030517578,1500,0.0,0.0,0.0,543544
2025-04-25 00:00:00+05:30,77.36000061035156,77.36000061035156,77.36000061035156,77.36000061035156,750,0.0,0.0,0.0,543544
2025-04-28 00:00:00+05:30,78.9000015258789,78.9000015258789,78.9000015258789,78.9000015258789,7500,0.0,0.0,0.0,543544
2025-04-29 00:00:00+05:30,78.9000015258789,80.0,78.9000015258789,80.0,3000,0.0,0.0,0.0,543544
2025-04-30 00:00:00+05:30,80.0,80.0,80.0,80.0,2250,0.0,0.0,0.0,543544
2025-05-02 00:00:00+05:30,80.4000015258789,80.4000015258789,80.3499984741211,80.3499984741211,1500,0.0,0.0,0.0,543544
2025-05-05 00:00:00+05:30,80.3499984741211,81.94999694824219,80.3499984741211,81.94999694824219,5250,0.0,0.0,0.0,543544
2025-05-06 00:00:00+05:30,81.94999694824219,81.94999694824219,80.31999969482422,80.31999969482422,2250,0.0,0.0,0.0,543544
2025-05-07 00:00:00+05:30,78.75,78.75,78.75,78.75,750,0.0,0.0,0.0,543544
2025-05-08 00:00:00+05:30,80.30000305175781,80.30000305175781,80.30000305175781,80.30000305175781,7500,0.0,0.0,0.0,543544
2025-05-09 00:00:00+05:30,80.30000305175781,81.0,80.30000305175781,81.0,6750,0.0,0.0,0.0,543544
2025-05-12 00:00:00+05:30,81.0,82.62000274658203,81.0,82.62000274658203,5250,0.0,0.0,0.0,543544
2025-05-13 00:00:00+05:30,84.19999694824219,84.19999694824219,80.97000122070312,80.97000122070312,5250,0.0,0.0,0.0,543544
2025-05-14 00:00:00+05:30,82.58000183105469,82.58000183105469,79.4000015258789,82.58000183105469,6000,0.0,0.0,0.0,543544
2025-05-15 00:00:00+05:30,84.2300033569336,84.2300033569336,84.0,84.0,4500,0.0,0.0,0.0,543544
2025-05-16 00:00:00+05:30,85.66000366210938,85.66000366210938,85.66000366210938,85.66000366210938,750,0.0,0.0,0.0,543544
2025-05-19 00:00:00+05:30,85.0,85.0,83.94999694824219,83.94999694824219,3000,0.0,0.0,0.0,543544
2025-05-20 00:00:00+05:30,82.27999877929688,82.27999877929688,82.27999877929688,82.27999877929688,750,0.0,0.0,0.0,543544
2025-05-21 00:00:00+05:30,80.63999938964844,81.5,80.63999938964844,80.70999908447266,8250,0.0,0.0,0.0,543544
2025-05-22 00:00:00+05:30,79.12000274658203,82.31999969482422,79.12000274658203,82.31999969482422,2250,0.0,0.0,0.0,543544
2025-05-23 00:00:00+05:30,82.31999969482422,83.95999908447266,82.31999969482422,83.95999908447266,3750,0.0,0.0,0.0,543544
2025-05-26 00:00:00+05:30,83.95999908447266,84.01000213623047,83.95999908447266,84.0,3000,0.0,0.0,0.0,543544
2025-05-27 00:00:00+05:30,83.9000015258789,84.0,83.9000015258789,84.0,2250,0.0,0.0,0.0,543544
2025-05-28 00:00:00+05:30,84.0,84.0,83.0,83.01000213623047,9750,0.0,0.0,0.0,543544
2025-05-29 00:00:00+05:30,83.0,87.1500015258789,79.25,86.95999908447266,5250,0.0,0.0,0.0,543544
2025-05-30 00:00:00+05:30,85.01000213623047,91.25,84.0999984741211,91.25,12000,0.0,0.0,0.0,543544
2025-06-02 00:00:00+05:30,95.80999755859375,95.80999755859375,95.80999755859375,95.80999755859375,2250,0.0,0.0,0.0,543544
2025-06-03 00:00:00+05:30,100.5999984741211,100.5999984741211,91.0199966430664,91.0199966430664,293250,0.0,0.0,0.0,543544
2025-06-04 00:00:00+05:30,86.51000213623047,90.19999694824219,86.47000122070312,86.47000122070312,192000,0.0,0.0,0.0,543544
2025-06-05 00:00:00+05:30,83.11000061035156,90.19999694824219,82.1500015258789,87.5,84750,0.0,0.0,0.0,543544
2025-06-06 00:00:00+05:30,86.0,87.5,83.12999725341797,83.41999816894531,30000,0.0,0.0,0.0,543544
2025-06-09 00:00:00+05:30,82.05000305175781,82.05000305175781,79.25,80.0999984741211,47250,0.0,0.0,0.0,543544
2025-06-10 00:00:00+05:30,80.9000015258789,80.9000015258789,80.0,80.0,5250,0.0,0.0,0.0,543544
2025-06-11 00:00:00+05:30,80.0,82.6500015258789,76.0999984741211,76.26000213623047,21750,0.0,0.0,0.0,543544
2025-06-12 00:00:00+05:30,76.0,76.0,72.44999694824219,72.5,276000,0.0,0.0,0.0,543544
2025-06-13 00:00:00+05:30,74.0,76.12000274658203,68.9000015258789,75.87999725341797,99750,0.0,0.0,0.0,543544
2025-06-16 00:00:00+05:30,75.75,77.5,72.5,73.19999694824219,24750,0.0,0.0,0.0,543544
2025-06-17 00:00:00+05:30,72.5,76.86000061035156,72.5,76.86000061035156,45000,0.0,0.0,0.0,543544
2025-06-18 00:00:00+05:30,78.0,80.69999694824219,77.20999908447266,78.37999725341797,26250,0.0,0.0,0.0,543544
2025-06-19 00:00:00+05:30,78.0,79.9800033569336,74.47000122070312,74.47000122070312,16500,0.0,0.0,0.0,543544
2025-06-20 00:00:00+05:30,74.47000122070312,74.47000122070312,70.75,70.77999877929688,17250,0.0,0.0,0.0,543544
2025-06-23 00:00:00+05:30,72.19999694824219,72.19999694824219,67.25,71.0,15000,0.0,0.0,0.0,543544
2025-06-24 00:00:00+05:30,71.87000274658203,71.9000015258789,71.29000091552734,71.29000091552734,4500,0.0,0.0,0.0,543544
2025-06-25 00:00:00+05:30,71.0,74.80000305175781,68.27999877929688,72.97000122070312,20250,0.0,0.0,0.0,543544
2025-06-26 00:00:00+05:30,72.5,72.5,69.5,69.52999877929688,12750,0.0,0.0,0.0,543544
2025-06-27 00:00:00+05:30,69.75,72.80000305175781,69.75,72.66999816894531,6000,0.0,0.0,0.0,543544
2025-06-30 00:00:00+05:30,76.30000305175781,76.30000305175781,76.30000305175781,76.30000305175781,11250,0.0,0.0,0.0,543544
2025-07-01 00:00:00+05:30,80.11000061035156,80.11000061035156,80.11000061035156,80.11000061035156,10500,0.0,0.0,0.0,543544
2025-07-02 00:00:00+05:30,84.11000061035156,84.11000061035156,83.0,84.11000061035156,44250,0.0,0.0,0.0,543544
2025-07-03 00:00:00+05:30,88.30999755859375,88.30999755859375,88.30999755859375,88.30999755859375,15750,0.0,0.0,0.0,543544
2025-07-04 00:00:00+05:30,86.55000305175781,86.55000305175781,86.55000305175781,86.55000305175781,21000,0.0,0.0,0.0,543544
2025-07-07 00:00:00+05:30,86.55000305175781,86.55000305175781,86.55000305175781,86.55000305175781,0,0.0,0.0,0.0,543544
2025-07-08 00:00:00+05:30,86.55000305175781,86.55000305175781,86.55000305175781,86.55000305175781,0,0.0,0.0,0.0,543544
2025-07-09 00:00:00+05:30,84.81999969482422,84.81999969482422,84.81999969482422,84.81999969482422,750,0.0,0.0,0.0,543544
2025-07-10 00:00:00+05:30,83.12999725341797,83.12999725341797,83.12999725341797,83.12999725341797,750,0.0,0.0,0.0,543544
2025-07-11 00:00:00+05:30,81.47000122070312,81.47000122070312,81.47000122070312,81.47000122070312,1500,0.0,0.0,0.0,543544
2025-07-14 00:00:00+05:30,79.8499984741211,79.9000015258789,79.8499984741211,79.9000015258789,22500,0.0,0.0,0.0,543544
2025-07-15 00:00:00+05:30,78.31999969482422,78.33000183105469,78.30999755859375,78.30999755859375,19500,0.0,0.0,0.0,543544
2025-07-16 00:00:00+05:30,76.80000305175781,77.0,76.75,77.0,9000,0.0,0.0,0.0,543544
2025-07-17 00:00:00+05:30,77.19999694824219,78.54000091552734,77.19999694824219,78.54000091552734,4500,0.0,0.0,0.0,543544
2025-07-18 00:00:00+05:30,80.0999984741211,80.11000061035156,80.0999984741211,80.11000061035156,6750,0.0,0.0,0.0,543544
2025-07-21 00:00:00+05:30,81.69999694824219,81.70999908447266,81.69999694824219,81.70999908447266,1500,0.0,0.0,0.0,543544
2025-07-22 00:00:00+05:30,80.0999984741211,80.31999969482422,80.0999984741211,80.31999969482422,5250,0.0,0.0,0.0,543544
2025-07-23 00:00:00+05:30,80.31999969482422,80.31999969482422,78.72000122070312,78.77999877929688,2250,0.0,0.0,0.0,543544
2025-07-24 00:00:00+05:30,77.22000122070312,77.22000122070312,77.20999908447266,77.20999908447266,3000,0.0,0.0,0.0,543544
2025-07-25 00:00:00+05:30,75.75,75.75,75.75,75.75,750,0.0,0.0,0.0,543544
2025-07-28 00:00:00+05:30,77.26000213623047,77.26000213623047,77.26000213623047,77.26000213623047,1500,0.0,0.0,0.0,543544
2025-07-29 00:00:00+05:30,78.80000305175781,78.80000305175781,78.80000305175781,78.80000305175781,750,0.0,0.0,0.0,543544
2025-07-30 00:00:00+05:30,80.37000274658203,80.37000274658203,80.37000274658203,80.37000274658203,2250,0.0,0.0,0.0,543544
2025-07-31 00:00:00+05:30,81.97000122070312,81.97000122070312,81.97000122070312,81.97000122070312,5250,0.0,0.0,0.0,543544
2025-08-01 00:00:00+05:30,83.5999984741211,83.5999984741211,83.5999984741211,83.5999984741211,7500,0.0,0.0,0.0,543544
2025-08-04 00:00:00+05:30,85.19999694824219,85.19999694824219,82.0,82.0,6000,0.0,0.0,0.0,543544
2025-08-05 00:00:00+05:30,82.0,82.0,82.0,82.0,0,0.0,0.0,0.0,543544
2025-08-06 00:00:00+05:30,81.5,81.5,80.4000015258789,80.4000015258789,2250,0.0,0.0,0.0,543544
2025-08-07 00:00:00+05:30,78.8499984741211,79.0999984741211,78.8499984741211,79.0999984741211,3000,0.0,0.0,0.0,543544
2025-08-08 00:00:00+05:30,80.68000030517578,80.68000030517578,80.68000030517578,80.68000030517578,6750,0.0,0.0,0.0,543544
2025-08-11 00:00:00+05:30,77.26000213623047,81.0,77.26000213623047,80.08000183105469,7500,0.0,0.0,0.0,543544
2025-08-12 00:00:00+05:30,84.06999969482422,84.06999969482422,82.98999786376953,82.98999786376953,3000,0.0,0.0,0.0,543544
2025-08-13 00:00:00+05:30,87.0,87.0,80.01000213623047,80.01000213623047,4500,0.0,0.0,0.0,543544
2025-08-14 00:00:00+05:30,81.0,81.0,76.01000213623047,76.83000183105469,3750,0.0,0.0,0.0,543544
2025-08-18 00:00:00+05:30,76.0199966430664,76.51000213623047,73.05000305175781,73.05000305175781,4500,0.0,0.0,0.0,543544
2025-08-19 00:00:00+05:30,73.05000305175781,76.69999694824219,73.05000305175781,76.69999694824219,2250,0.0,0.0,0.0,543544
2025-08-20 00:00:00+05:30,78.0,80.0,73.3499984741211,80.0,3000,0.0,0.0,0.0,543544
2025-08-21 00:00:00+05:30,81.0,81.0,77.0,77.98999786376953,9750,0.0,0.0,0.0,543544
2025-08-22 00:00:00+05:30,78.5999984741211,81.87999725341797,78.5999984741211,81.87999725341797,8250,0.0,0.0,0.0,543544
2025-08-25 00:00:00+05:30,81.91999816894531,93.0,81.91999816894531,89.30999755859375,42000,0.0,0.0,0.0,543544
2025-08-26 00:00:00+05:30,89.0,91.0,86.0999984741211,88.05999755859375,24750,0.0,0.0,0.0,543544
2025-08-28 00:00:00+05:30,86.41999816894531,89.9000015258789,86.41999816894531,88.01000213623047,4500,0.0,0.0,0.0,543544
2025-08-29 00:00:00+05:30,88.98999786376953,90.5,88.01000213623047,88.01000213623047,13500,0.0,0.0,0.0,543544
2025-09-01 00:00:00+05:30,94.9000015258789,94.9000015258789,90.0,90.8499984741211,19500,0.0,0.0,0.0,543544
2025-09-02 00:00:00+05:30,90.7300033569336,90.7300033569336,81.48999786376953,83.25,5250,0.0,0.0,0.0,543544
2025-09-03 00:00:00+05:30,87.11000061035156,87.11000061035156,83.20999908447266,83.20999908447266,7500,0.0,0.0,0.0,543544
2025-09-04 00:00:00+05:30,86.0,86.01000213623047,84.98999786376953,86.01000213623047,4500,0.0,0.0,0.0,543544
2025-09-05 00:00:00+05:30,86.01000213623047,86.01000213623047,86.01000213623047,86.01000213623047,0,0.0,0.0,0.0,543544
2025-09-08 00:00:00+05:30,86.0,88.98999786376953,83.61000061035156,85.19999694824219,7500,0.0,0.0,0.0,543544
2025-09-09 00:00:00+05:30,83.0,83.0,80.0,80.79000091552734,16500,0.0,0.0,0.0,543544
2025-09-10 00:00:00+05:30,80.0,81.0,79.0999984741211,79.0999984741211,7500,0.0,0.0,0.0,543544
2025-09-11 00:00:00+05:30,80.0999984741211,80.0999984741211,78.55000305175781,78.55000305175781,1500,0.0,0.0,0.0,543544
2025-09-12 00:00:00+05:30,79.0,79.0,79.0,79.0,750,0.0,0.0,0.0,543544
2025-09-15 00:00:00+05:30,81.0,81.75,81.0,81.52999877929688,3000,0.0,0.0,0.0,543544
2025-09-16 00:00:00+05:30,85.0,89.98999786376953,80.11000061035156,85.73999786376953,9000,0.0,0.0,0.0,543544
2025-09-17 00:00:00+05:30,85.0,87.94999694824219,68.5999984741211,69.79000091552734,909750,0.0,0.0,0.0,543544
2025-09-18 00:00:00+05:30,73.83999633789062,80.0,73.0,74.06999969482422,110250,0.0,0.0,0.0,543544
2025-09-19 00:00:00+05:30,76.0,81.80000305175781,75.04000091552734,80.19999694824219,82500,0.0,0.0,0.0,543544
2025-09-22 00:00:00+05:30,85.9000015258789,85.9000015258789,79.5,80.0,16500,0.0,0.0,0.0,543544
2025-09-23 00:00:00+05:30,80.0,80.0,76.9000015258789,77.0999984741211,13500,0.0,0.0,0.0,543544
2025-09-24 00:00:00+05:30,77.5999984741211,78.0,77.5999984741211,78.0,3000,0.0,0.0,0.0,543544
2025-09-25 00:00:00+05:30,80.0,80.0,72.91000366210938,75.0,12000,0.0,0.0,0.0,543544
2025-09-26 00:00:00+05:30,75.0,75.01000213623047,74.5,74.76000213623047,6000,0.0,0.0,0.0,543544
2025-09-29 00:00:00+05:30,73.0,74.25,72.11000061035156,73.26000213623047,16500,0.0,0.0,0.0,543544
2025-09-30 00:00:00+05:30,73.26000213623047,73.26000213623047,70.51000213623047,71.77999877929688,6750,0.0,0.0,0.0,543544
2025-10-01 00:00:00+05:30,71.7699966430664,71.7699966430664,71.75,71.76000213623047,2250,0.0,0.0,0.0,543544
2025-10-03 00:00:00+05:30,71.75,71.75,68.5199966430664,68.9800033569336,27750,0.0,0.0,0.0,543544
2025-10-06 00:00:00+05:30,69.98999786376953,73.87000274658203,68.9800033569336,68.9800033569336,44250,0.0,0.0,0.0,543544
2025-10-07 00:00:00+05:30,68.9800033569336,71.5999984741211,67.73999786376953,69.25,21000,0.0,0.0,0.0,543544
2025-10-08 00:00:00+05:30,69.98999786376953,69.98999786376953,62.560001373291016,66.0,33750,0.0,0.0,0.0,543544
2025-10-09 00:00:00+05:30,67.5,70.0,67.5,67.93000030517578,18750,0.0,0.0,0.0,543544
2025-10-10 00:00:00+05:30,69.20999908447266,70.0,69.20999908447266,69.44999694824219,4500,0.0,0.0,0.0,543544
2025-10-13 00:00:00+05:30,69.44999694824219,71.37000274658203,69.44999694824219,71.37000274658203,1500,0.0,0.0,0.0,543544
2025-10-14 00:00:00+05:30,70.0,70.0,68.0,68.0,6750,0.0,0.0,0.0,543544
2025-10-15 00:00:00+05:30,72.5,72.5,68.0,68.0,4500,0.0,0.0,0.0,543544
2025-10-16 00:00:00+05:30,68.0,68.0,68.0,68.0,0,0.0,0.0,0.0,543544
2025-10-17 00:00:00+05:30,68.0,78.0,68.0,75.66000366210938,60000,0.0,0.0,0.0,543544
2025-10-20 00:00:00+05:30,78.0,90.79000091552734,78.0,90.79000091552734,218250,0.0,0.0,0.0,543544
2025-10-21 00:00:00+05:30,90.79000091552734,90.79000091552734,90.79000091552734,90.79000091552734,0,0.0,0.0,0.0,543544
2025-10-23 00:00:00+05:30,100.0,100.0,91.5,92.0,73500,0.0,0.0,0.0,543544
2025-10-24 00:00:00+05:30,90.5,101.19999694824219,83.0999984741211,100.68000030517578,171750,0.0,0.0,0.0,543544
2025-10-27 00:00:00+05:30,103.5999984741211,110.73999786376953,90.62000274658203,90.62000274658203,790500,0.0,0.0,0.0,543544
2025-10-28 00:00:00+05:30,87.0,91.58999633789062,83.0,85.44000244140625,156000,0.0,0.0,0.0,543544
2025-10-29 00:00:00+05:30,83.91000366210938,89.0,81.0,88.4000015258789,104250,0.0,0.0,0.0,543544
2025-10-30 00:00:00+05:30,87.19999694824219,92.0,83.30999755859375,84.44000244140625,32250,0.0,0.0,0.0,543544
2025-10-31 00:00:00+05:30,84.44999694824219,86.79000091552734,76.0,76.0,243750,0.0,0.0,0.0,543544
2025-11-03 00:00:00+05:30,74.0999984741211,79.80000305175781,74.0999984741211,79.80000305175781,64500,0.0,0.0,0.0,543544
2025-11-04 00:00:00+05:30,82.5999984741211,83.79000091552734,80.0199966430664,83.79000091552734,42750,0.0,0.0,0.0,543544
2025-11-06 00:00:00+05:30,84.5,84.9800033569336,79.88999938964844,82.29000091552734,37500,0.0,0.0,0.0,543544
2025-11-07 00:00:00+05:30,82.5,82.5,80.68000030517578,82.0,10500,0.0,0.0,0.0,543544
2025-11-10 00:00:00+05:30,82.05000305175781,83.5,78.30000305175781,78.30000305175781,11250,0.0,0.0,0.0,543544
2025-11-11 00:00:00+05:30,78.61000061035156,81.0,78.30000305175781,80.97000122070312,10500,0.0,0.0,0.0,543544
2025-11-12 00:00:00+05:30,80.97000122070312,80.97000122070312,80.19999694824219,80.19999694824219,1500,0.0,0.0,0.0,543544
2025-11-13 00:00:00+05:30,78.5999984741211,82.98999786376953,78.5999984741211,80.02999877929688,9750,0.0,0.0,0.0,543544
2025-11-14 00:00:00+05:30,76.69999694824219,78.5,76.5999984741211,77.01000213623047,17250,0.0,0.0,0.0,543544
2025-11-17 00:00:00+05:30,77.01000213623047,80.86000061035156,77.01000213623047,79.94000244140625,33750,0.0,0.0,0.0,543544
2025-11-18 00:00:00+05:30,79.98999786376953,79.98999786376953,76.08000183105469,78.19000244140625,40500,0.0,0.0,0.0,543544
2025-11-19 00:00:00+05:30,78.5,78.5,74.29000091552734,74.29000091552734,39000,0.0,0.0,0.0,543544
2025-11-20 00:00:00+05:30,73.0,74.97000122070312,71.25,73.33000183105469,12000,0.0,0.0,0.0,543544
2025-11-21 00:00:00+05:30,74.0,75.0,71.1500015258789,72.2699966430664,11250,0.0,0.0,0.0,543544
2025-11-24 00:00:00+05:30,70.81999969482422,72.68000030517578,68.69999694824219,70.25,14250,0.0,0.0,0.0,543544
2025-11-25 00:00:00+05:30,71.58000183105469,73.76000213623047,68.11000061035156,73.75,15000,0.0,0.0,0.0,543544
2025-11-26 00:00:00+05:30,77.43000030517578,77.43000030517578,77.43000030517578,77.43000030517578,2250,0.0,0.0,0.0,543544
2025-11-27 00:00:00+05:30,81.30000305175781,81.30000305175781,81.30000305175781,81.30000305175781,13500,0.0,0.0,0.0,543544
2025-11-28 00:00:00+05:30,85.36000061035156,85.36000061035156,85.36000061035156,85.36000061035156,24750,0.0,0.0,0.0,543544
2025-12-01 00:00:00+05:30,89.62000274658203,89.62000274658203,89.62000274658203,89.62000274658203,15000,0.0,0.0,0.0,543544
2025-12-02 00:00:00+05:30,94.0999984741211,94.0999984741211,86.75,89.41000366210938,229500,0.0,0.0,0.0,543544
2025-12-03 00:00:00+05:30,90.0,91.0,87.19999694824219,89.37999725341797,30000,0.0,0.0,0.0,543544
2025-12-04 00:00:00+05:30,90.9000015258789,91.0,87.30000305175781,88.9000015258789,12000,0.0,0.0,0.0,543544
2025-12-05 00:00:00+05:30,90.94999694824219,92.0,87.0199966430664,90.61000061035156,30000,0.0,0.0,0.0,543544
2025-12-08 00:00:00+05:30,91.0,91.0,87.0199966430664,87.9000015258789,18750,0.0,0.0,0.0,543544
2025-12-09 00:00:00+05:30,87.0199966430664,88.0,84.05000305175781,87.69999694824219,42750,0.0,0.0,0.0,543544
2025-12-10 00:00:00+05:30,83.51000213623047,89.48999786376953,83.51000213623047,84.5,6750,0.0,0.0,0.0,543544
2025-12-11 00:00:00+05:30,85.0,85.0,84.5,84.5,1500,0.0,0.0,0.0,543544
2025-12-12 00:00:00+05:30,87.80000305175781,87.80000305175781,85.0,85.0,3000,0.0,0.0,0.0,543544
2025-12-15 00:00:00+05:30,89.0999984741211,89.25,89.0999984741211,89.25,19500,0.0,0.0,0.0,543544
2025-12-16 00:00:00+05:30,93.70999908447266,93.70999908447266,86.0999984741211,86.75,42000,0.0,0.0,0.0,543544
2025-12-17 00:00:00+05:30,88.5999984741211,89.70999908447266,84.4000015258789,84.5,9750,0.0,0.0,0.0,543544
2025-12-18 00:00:00+05:30,82.4000015258789,82.4000015258789,82.0,82.19999694824219,1500,0.0,0.0,0.0,543544
2025-12-19 00:00:00+05:30,80.0,83.0,79.0,80.01000213623047,9000,0.0,0.0,0.0,543544
2025-12-22 00:00:00+05:30,80.0,80.0,79.0,80.0,3000,0.0,0.0,0.0,543544
2025-12-23 00:00:00+05:30,77.51000213623047,78.0,76.0,76.0,34500,0.0,0.0,0.0,543544
2025-12-24 00:00:00+05:30,75.0,75.0,73.5999984741211,74.0,18000,0.0,0.0,0.0,543544
2025-12-26 00:00:00+05:30,72.19999694824219,73.0,70.30000305175781,71.58999633789062,46500,0.0,0.0,0.0,543544
2025-12-29 00:00:00+05:30,70.20999908447266,74.0,70.20999908447266,73.68000030517578,8250,0.0,0.0,0.0,543544
2025-12-30 00:00:00+05:30,74.98999786376953,76.9800033569336,74.98999786376953,75.5,9000,0.0,0.0,0.0,543544
2025-12-31 00:00:00+05:30,75.5,75.5,75.5,75.5,0,0.0,0.0,0.0,543544
2026-01-01 00:00:00+05:30,76.5,77.0,76.5,77.0,6000,0.0,0.0,0.0,543544
2026-01-02 00:00:00+05:30,76.98999786376953,76.98999786376953,76.98999786376953,76.98999786376953,750,0.0,0.0,0.0,543544
2026-01-05 00:00:00+05:30,77.0,77.0,73.1500015258789,73.1500015258789,4500,0.0,0.0,0.0,543544
